/Users/maz/Documents/projets/whisperASR/.build/comet-venv/lib/python3.12/site-packages/torchmetrics/utilities/imports.py:23: UserWarning: pkg_resources is deprecated as an API. See https://setuptools.pypa.io/en/latest/pkg_resources.html. The pkg_resources package is slated for removal as early as 2025-11-30. Refrain from using this package or pin to Setuptools<81.
  from pkg_resources import DistributionNotFound, get_distribution
/Users/maz/Documents/projets/whisperASR/.build/comet-venv/lib/python3.12/site-packages/pytorch_lightning/core/saving.py:197: Found keys that are not in the model state dict but in the checkpoint: ['encoder.model.embeddings.position_ids']
/Users/maz/Documents/projets/whisperASR/.build/comet-venv/lib/python3.12/site-packages/pytorch_lightning/utilities/_pytree.py:21: `isinstance(treespec, LeafSpec)` is deprecated, use `isinstance(treespec, TreeSpec) and treespec.is_leaf()` instead.
/Users/maz/Documents/projets/whisperASR/.build/comet-venv/lib/python3.12/site-packages/pytorch_lightning/utilities/_pytree.py:21: `isinstance(treespec, LeafSpec)` is deprecated, use `isinstance(treespec, TreeSpec) and treespec.is_leaf()` instead.
/Users/maz/.codex/worktrees/da40/whisperASR/.build/benchmarks/high-quality/integrated-validation-106-translation-only-4b/metrics/md62mmdz0m/e22-standard.en.txt	Segment 0	score: 0.6479
/Users/maz/.codex/worktrees/da40/whisperASR/.build/benchmarks/high-quality/integrated-validation-106-translation-only-4b/metrics/md62mmdz0m/translategemma-4b-it-4bit.en.txt	Segment 0	score: 0.4824
/Users/maz/.codex/worktrees/da40/whisperASR/.build/benchmarks/high-quality/integrated-validation-106-translation-only-4b/metrics/md62mmdz0m/e22-standard.en.txt	Segment 1	score: 0.5200
/Users/maz/.codex/worktrees/da40/whisperASR/.build/benchmarks/high-quality/integrated-validation-106-translation-only-4b/metrics/md62mmdz0m/translategemma-4b-it-4bit.en.txt	Segment 1	score: 0.4954
/Users/maz/.codex/worktrees/da40/whisperASR/.build/benchmarks/high-quality/integrated-validation-106-translation-only-4b/metrics/md62mmdz0m/e22-standard.en.txt	Segment 2	score: 0.5996
/Users/maz/.codex/worktrees/da40/whisperASR/.build/benchmarks/high-quality/integrated-validation-106-translation-only-4b/metrics/md62mmdz0m/translategemma-4b-it-4bit.en.txt	Segment 2	score: 0.6411
/Users/maz/.codex/worktrees/da40/whisperASR/.build/benchmarks/high-quality/integrated-validation-106-translation-only-4b/metrics/md62mmdz0m/e22-standard.en.txt	Segment 3	score: 0.4663
/Users/maz/.codex/worktrees/da40/whisperASR/.build/benchmarks/high-quality/integrated-validation-106-translation-only-4b/metrics/md62mmdz0m/translategemma-4b-it-4bit.en.txt	Segment 3	score: 0.3967
/Users/maz/.codex/worktrees/da40/whisperASR/.build/benchmarks/high-quality/integrated-validation-106-translation-only-4b/metrics/md62mmdz0m/e22-standard.en.txt	Segment 4	score: 0.4287
/Users/maz/.codex/worktrees/da40/whisperASR/.build/benchmarks/high-quality/integrated-validation-106-translation-only-4b/metrics/md62mmdz0m/translategemma-4b-it-4bit.en.txt	Segment 4	score: 0.4546
/Users/maz/.codex/worktrees/da40/whisperASR/.build/benchmarks/high-quality/integrated-validation-106-translation-only-4b/metrics/md62mmdz0m/e22-standard.en.txt	Segment 5	score: 0.6099
/Users/maz/.codex/worktrees/da40/whisperASR/.build/benchmarks/high-quality/integrated-validation-106-translation-only-4b/metrics/md62mmdz0m/translategemma-4b-it-4bit.en.txt	Segment 5	score: 0.6670
/Users/maz/.codex/worktrees/da40/whisperASR/.build/benchmarks/high-quality/integrated-validation-106-translation-only-4b/metrics/md62mmdz0m/e22-standard.en.txt	Segment 6	score: 0.5649
/Users/maz/.codex/worktrees/da40/whisperASR/.build/benchmarks/high-quality/integrated-validation-106-translation-only-4b/metrics/md62mmdz0m/translategemma-4b-it-4bit.en.txt	Segment 6	score: 0.6064
/Users/maz/.codex/worktrees/da40/whisperASR/.build/benchmarks/high-quality/integrated-validation-106-translation-only-4b/metrics/md62mmdz0m/e22-standard.en.txt	Segment 7	score: 0.6177
/Users/maz/.codex/worktrees/da40/whisperASR/.build/benchmarks/high-quality/integrated-validation-106-translation-only-4b/metrics/md62mmdz0m/translategemma-4b-it-4bit.en.txt	Segment 7	score: 0.6187
/Users/maz/.codex/worktrees/da40/whisperASR/.build/benchmarks/high-quality/integrated-validation-106-translation-only-4b/metrics/md62mmdz0m/e22-standard.en.txt	Segment 8	score: 0.6851
/Users/maz/.codex/worktrees/da40/whisperASR/.build/benchmarks/high-quality/integrated-validation-106-translation-only-4b/metrics/md62mmdz0m/translategemma-4b-it-4bit.en.txt	Segment 8	score: 0.6206
/Users/maz/.codex/worktrees/da40/whisperASR/.build/benchmarks/high-quality/integrated-validation-106-translation-only-4b/metrics/md62mmdz0m/e22-standard.en.txt	Segment 9	score: 0.4133
/Users/maz/.codex/worktrees/da40/whisperASR/.build/benchmarks/high-quality/integrated-validation-106-translation-only-4b/metrics/md62mmdz0m/translategemma-4b-it-4bit.en.txt	Segment 9	score: 0.4199
/Users/maz/.codex/worktrees/da40/whisperASR/.build/benchmarks/high-quality/integrated-validation-106-translation-only-4b/metrics/md62mmdz0m/e22-standard.en.txt	Segment 10	score: 0.6982
/Users/maz/.codex/worktrees/da40/whisperASR/.build/benchmarks/high-quality/integrated-validation-106-translation-only-4b/metrics/md62mmdz0m/translategemma-4b-it-4bit.en.txt	Segment 10	score: 0.6338
/Users/maz/.codex/worktrees/da40/whisperASR/.build/benchmarks/high-quality/integrated-validation-106-translation-only-4b/metrics/md62mmdz0m/e22-standard.en.txt	Segment 11	score: 0.7432
/Users/maz/.codex/worktrees/da40/whisperASR/.build/benchmarks/high-quality/integrated-validation-106-translation-only-4b/metrics/md62mmdz0m/translategemma-4b-it-4bit.en.txt	Segment 11	score: 0.6548
/Users/maz/.codex/worktrees/da40/whisperASR/.build/benchmarks/high-quality/integrated-validation-106-translation-only-4b/metrics/md62mmdz0m/e22-standard.en.txt	Segment 12	score: 0.6523
/Users/maz/.codex/worktrees/da40/whisperASR/.build/benchmarks/high-quality/integrated-validation-106-translation-only-4b/metrics/md62mmdz0m/translategemma-4b-it-4bit.en.txt	Segment 12	score: 0.6611
/Users/maz/.codex/worktrees/da40/whisperASR/.build/benchmarks/high-quality/integrated-validation-106-translation-only-4b/metrics/md62mmdz0m/e22-standard.en.txt	Segment 13	score: 0.8521
/Users/maz/.codex/worktrees/da40/whisperASR/.build/benchmarks/high-quality/integrated-validation-106-translation-only-4b/metrics/md62mmdz0m/translategemma-4b-it-4bit.en.txt	Segment 13	score: 0.8149
/Users/maz/.codex/worktrees/da40/whisperASR/.build/benchmarks/high-quality/integrated-validation-106-translation-only-4b/metrics/md62mmdz0m/e22-standard.en.txt	Segment 14	score: 0.7300
/Users/maz/.codex/worktrees/da40/whisperASR/.build/benchmarks/high-quality/integrated-validation-106-translation-only-4b/metrics/md62mmdz0m/translategemma-4b-it-4bit.en.txt	Segment 14	score: 0.6050
/Users/maz/.codex/worktrees/da40/whisperASR/.build/benchmarks/high-quality/integrated-validation-106-translation-only-4b/metrics/md62mmdz0m/e22-standard.en.txt	Segment 15	score: 0.5874
/Users/maz/.codex/worktrees/da40/whisperASR/.build/benchmarks/high-quality/integrated-validation-106-translation-only-4b/metrics/md62mmdz0m/translategemma-4b-it-4bit.en.txt	Segment 15	score: 0.5127
/Users/maz/.codex/worktrees/da40/whisperASR/.build/benchmarks/high-quality/integrated-validation-106-translation-only-4b/metrics/md62mmdz0m/e22-standard.en.txt	Segment 16	score: 0.6782
/Users/maz/.codex/worktrees/da40/whisperASR/.build/benchmarks/high-quality/integrated-validation-106-translation-only-4b/metrics/md62mmdz0m/translategemma-4b-it-4bit.en.txt	Segment 16	score: 0.7373
/Users/maz/.codex/worktrees/da40/whisperASR/.build/benchmarks/high-quality/integrated-validation-106-translation-only-4b/metrics/md62mmdz0m/e22-standard.en.txt	Segment 17	score: 0.6846
/Users/maz/.codex/worktrees/da40/whisperASR/.build/benchmarks/high-quality/integrated-validation-106-translation-only-4b/metrics/md62mmdz0m/translategemma-4b-it-4bit.en.txt	Segment 17	score: 0.6274
/Users/maz/.codex/worktrees/da40/whisperASR/.build/benchmarks/high-quality/integrated-validation-106-translation-only-4b/metrics/md62mmdz0m/e22-standard.en.txt	Segment 18	score: 0.6860
/Users/maz/.codex/worktrees/da40/whisperASR/.build/benchmarks/high-quality/integrated-validation-106-translation-only-4b/metrics/md62mmdz0m/translategemma-4b-it-4bit.en.txt	Segment 18	score: 0.7627
/Users/maz/.codex/worktrees/da40/whisperASR/.build/benchmarks/high-quality/integrated-validation-106-translation-only-4b/metrics/md62mmdz0m/e22-standard.en.txt	Segment 19	score: 0.5664
/Users/maz/.codex/worktrees/da40/whisperASR/.build/benchmarks/high-quality/integrated-validation-106-translation-only-4b/metrics/md62mmdz0m/translategemma-4b-it-4bit.en.txt	Segment 19	score: 0.5513
/Users/maz/.codex/worktrees/da40/whisperASR/.build/benchmarks/high-quality/integrated-validation-106-translation-only-4b/metrics/md62mmdz0m/e22-standard.en.txt	Segment 20	score: 0.6099
/Users/maz/.codex/worktrees/da40/whisperASR/.build/benchmarks/high-quality/integrated-validation-106-translation-only-4b/metrics/md62mmdz0m/translategemma-4b-it-4bit.en.txt	Segment 20	score: 0.5479
/Users/maz/.codex/worktrees/da40/whisperASR/.build/benchmarks/high-quality/integrated-validation-106-translation-only-4b/metrics/md62mmdz0m/e22-standard.en.txt	Segment 21	score: 0.7969
/Users/maz/.codex/worktrees/da40/whisperASR/.build/benchmarks/high-quality/integrated-validation-106-translation-only-4b/metrics/md62mmdz0m/translategemma-4b-it-4bit.en.txt	Segment 21	score: 0.6694
/Users/maz/.codex/worktrees/da40/whisperASR/.build/benchmarks/high-quality/integrated-validation-106-translation-only-4b/metrics/md62mmdz0m/e22-standard.en.txt	Segment 22	score: 0.9492
/Users/maz/.codex/worktrees/da40/whisperASR/.build/benchmarks/high-quality/integrated-validation-106-translation-only-4b/metrics/md62mmdz0m/translategemma-4b-it-4bit.en.txt	Segment 22	score: 0.8184
/Users/maz/.codex/worktrees/da40/whisperASR/.build/benchmarks/high-quality/integrated-validation-106-translation-only-4b/metrics/md62mmdz0m/e22-standard.en.txt	Segment 23	score: 0.6089
/Users/maz/.codex/worktrees/da40/whisperASR/.build/benchmarks/high-quality/integrated-validation-106-translation-only-4b/metrics/md62mmdz0m/translategemma-4b-it-4bit.en.txt	Segment 23	score: 0.8511
/Users/maz/.codex/worktrees/da40/whisperASR/.build/benchmarks/high-quality/integrated-validation-106-translation-only-4b/metrics/md62mmdz0m/e22-standard.en.txt	Segment 24	score: 0.7461
/Users/maz/.codex/worktrees/da40/whisperASR/.build/benchmarks/high-quality/integrated-validation-106-translation-only-4b/metrics/md62mmdz0m/translategemma-4b-it-4bit.en.txt	Segment 24	score: 0.7695
/Users/maz/.codex/worktrees/da40/whisperASR/.build/benchmarks/high-quality/integrated-validation-106-translation-only-4b/metrics/md62mmdz0m/e22-standard.en.txt	Segment 25	score: 0.8911
/Users/maz/.codex/worktrees/da40/whisperASR/.build/benchmarks/high-quality/integrated-validation-106-translation-only-4b/metrics/md62mmdz0m/translategemma-4b-it-4bit.en.txt	Segment 25	score: 0.9185
/Users/maz/.codex/worktrees/da40/whisperASR/.build/benchmarks/high-quality/integrated-validation-106-translation-only-4b/metrics/md62mmdz0m/e22-standard.en.txt	Segment 26	score: 0.8335
/Users/maz/.codex/worktrees/da40/whisperASR/.build/benchmarks/high-quality/integrated-validation-106-translation-only-4b/metrics/md62mmdz0m/translategemma-4b-it-4bit.en.txt	Segment 26	score: 0.8467
/Users/maz/.codex/worktrees/da40/whisperASR/.build/benchmarks/high-quality/integrated-validation-106-translation-only-4b/metrics/md62mmdz0m/e22-standard.en.txt	Segment 27	score: 0.3638
/Users/maz/.codex/worktrees/da40/whisperASR/.build/benchmarks/high-quality/integrated-validation-106-translation-only-4b/metrics/md62mmdz0m/translategemma-4b-it-4bit.en.txt	Segment 27	score: 0.3765
/Users/maz/.codex/worktrees/da40/whisperASR/.build/benchmarks/high-quality/integrated-validation-106-translation-only-4b/metrics/md62mmdz0m/e22-standard.en.txt	Segment 28	score: 0.6841
/Users/maz/.codex/worktrees/da40/whisperASR/.build/benchmarks/high-quality/integrated-validation-106-translation-only-4b/metrics/md62mmdz0m/translategemma-4b-it-4bit.en.txt	Segment 28	score: 0.5903
/Users/maz/.codex/worktrees/da40/whisperASR/.build/benchmarks/high-quality/integrated-validation-106-translation-only-4b/metrics/md62mmdz0m/e22-standard.en.txt	Segment 29	score: 0.5020
/Users/maz/.codex/worktrees/da40/whisperASR/.build/benchmarks/high-quality/integrated-validation-106-translation-only-4b/metrics/md62mmdz0m/translategemma-4b-it-4bit.en.txt	Segment 29	score: 0.4692
/Users/maz/.codex/worktrees/da40/whisperASR/.build/benchmarks/high-quality/integrated-validation-106-translation-only-4b/metrics/md62mmdz0m/e22-standard.en.txt	Segment 30	score: 0.7437
/Users/maz/.codex/worktrees/da40/whisperASR/.build/benchmarks/high-quality/integrated-validation-106-translation-only-4b/metrics/md62mmdz0m/translategemma-4b-it-4bit.en.txt	Segment 30	score: 0.6177
/Users/maz/.codex/worktrees/da40/whisperASR/.build/benchmarks/high-quality/integrated-validation-106-translation-only-4b/metrics/md62mmdz0m/e22-standard.en.txt	Segment 31	score: 0.6948
/Users/maz/.codex/worktrees/da40/whisperASR/.build/benchmarks/high-quality/integrated-validation-106-translation-only-4b/metrics/md62mmdz0m/translategemma-4b-it-4bit.en.txt	Segment 31	score: 0.6182
/Users/maz/.codex/worktrees/da40/whisperASR/.build/benchmarks/high-quality/integrated-validation-106-translation-only-4b/metrics/md62mmdz0m/e22-standard.en.txt	Segment 32	score: 0.5698
/Users/maz/.codex/worktrees/da40/whisperASR/.build/benchmarks/high-quality/integrated-validation-106-translation-only-4b/metrics/md62mmdz0m/translategemma-4b-it-4bit.en.txt	Segment 32	score: 0.5698
/Users/maz/.codex/worktrees/da40/whisperASR/.build/benchmarks/high-quality/integrated-validation-106-translation-only-4b/metrics/md62mmdz0m/e22-standard.en.txt	Segment 33	score: 0.4236
/Users/maz/.codex/worktrees/da40/whisperASR/.build/benchmarks/high-quality/integrated-validation-106-translation-only-4b/metrics/md62mmdz0m/translategemma-4b-it-4bit.en.txt	Segment 33	score: 0.4624
/Users/maz/.codex/worktrees/da40/whisperASR/.build/benchmarks/high-quality/integrated-validation-106-translation-only-4b/metrics/md62mmdz0m/e22-standard.en.txt	Segment 34	score: 0.6587
/Users/maz/.codex/worktrees/da40/whisperASR/.build/benchmarks/high-quality/integrated-validation-106-translation-only-4b/metrics/md62mmdz0m/translategemma-4b-it-4bit.en.txt	Segment 34	score: 0.5923
/Users/maz/.codex/worktrees/da40/whisperASR/.build/benchmarks/high-quality/integrated-validation-106-translation-only-4b/metrics/md62mmdz0m/e22-standard.en.txt	Segment 35	score: 0.6089
/Users/maz/.codex/worktrees/da40/whisperASR/.build/benchmarks/high-quality/integrated-validation-106-translation-only-4b/metrics/md62mmdz0m/translategemma-4b-it-4bit.en.txt	Segment 35	score: 0.5791
/Users/maz/.codex/worktrees/da40/whisperASR/.build/benchmarks/high-quality/integrated-validation-106-translation-only-4b/metrics/md62mmdz0m/e22-standard.en.txt	Segment 36	score: 0.5366
/Users/maz/.codex/worktrees/da40/whisperASR/.build/benchmarks/high-quality/integrated-validation-106-translation-only-4b/metrics/md62mmdz0m/translategemma-4b-it-4bit.en.txt	Segment 36	score: 0.5283
/Users/maz/.codex/worktrees/da40/whisperASR/.build/benchmarks/high-quality/integrated-validation-106-translation-only-4b/metrics/md62mmdz0m/e22-standard.en.txt	Segment 37	score: 0.7920
/Users/maz/.codex/worktrees/da40/whisperASR/.build/benchmarks/high-quality/integrated-validation-106-translation-only-4b/metrics/md62mmdz0m/translategemma-4b-it-4bit.en.txt	Segment 37	score: 0.6597
/Users/maz/.codex/worktrees/da40/whisperASR/.build/benchmarks/high-quality/integrated-validation-106-translation-only-4b/metrics/md62mmdz0m/e22-standard.en.txt	Segment 38	score: 0.6006
/Users/maz/.codex/worktrees/da40/whisperASR/.build/benchmarks/high-quality/integrated-validation-106-translation-only-4b/metrics/md62mmdz0m/translategemma-4b-it-4bit.en.txt	Segment 38	score: 0.9380
/Users/maz/.codex/worktrees/da40/whisperASR/.build/benchmarks/high-quality/integrated-validation-106-translation-only-4b/metrics/md62mmdz0m/e22-standard.en.txt	Segment 39	score: 0.3674
/Users/maz/.codex/worktrees/da40/whisperASR/.build/benchmarks/high-quality/integrated-validation-106-translation-only-4b/metrics/md62mmdz0m/translategemma-4b-it-4bit.en.txt	Segment 39	score: 0.5098
/Users/maz/.codex/worktrees/da40/whisperASR/.build/benchmarks/high-quality/integrated-validation-106-translation-only-4b/metrics/md62mmdz0m/e22-standard.en.txt	Segment 40	score: 0.7026
/Users/maz/.codex/worktrees/da40/whisperASR/.build/benchmarks/high-quality/integrated-validation-106-translation-only-4b/metrics/md62mmdz0m/translategemma-4b-it-4bit.en.txt	Segment 40	score: 0.6978
/Users/maz/.codex/worktrees/da40/whisperASR/.build/benchmarks/high-quality/integrated-validation-106-translation-only-4b/metrics/md62mmdz0m/e22-standard.en.txt	Segment 41	score: 0.4983
/Users/maz/.codex/worktrees/da40/whisperASR/.build/benchmarks/high-quality/integrated-validation-106-translation-only-4b/metrics/md62mmdz0m/translategemma-4b-it-4bit.en.txt	Segment 41	score: 0.5010
/Users/maz/.codex/worktrees/da40/whisperASR/.build/benchmarks/high-quality/integrated-validation-106-translation-only-4b/metrics/md62mmdz0m/e22-standard.en.txt	Segment 42	score: 0.8096
/Users/maz/.codex/worktrees/da40/whisperASR/.build/benchmarks/high-quality/integrated-validation-106-translation-only-4b/metrics/md62mmdz0m/translategemma-4b-it-4bit.en.txt	Segment 42	score: 0.7012
/Users/maz/.codex/worktrees/da40/whisperASR/.build/benchmarks/high-quality/integrated-validation-106-translation-only-4b/metrics/md62mmdz0m/e22-standard.en.txt	Segment 43	score: 0.6538
/Users/maz/.codex/worktrees/da40/whisperASR/.build/benchmarks/high-quality/integrated-validation-106-translation-only-4b/metrics/md62mmdz0m/translategemma-4b-it-4bit.en.txt	Segment 43	score: 0.6631
/Users/maz/.codex/worktrees/da40/whisperASR/.build/benchmarks/high-quality/integrated-validation-106-translation-only-4b/metrics/md62mmdz0m/e22-standard.en.txt	Segment 44	score: 0.8569
/Users/maz/.codex/worktrees/da40/whisperASR/.build/benchmarks/high-quality/integrated-validation-106-translation-only-4b/metrics/md62mmdz0m/translategemma-4b-it-4bit.en.txt	Segment 44	score: 0.9434
/Users/maz/.codex/worktrees/da40/whisperASR/.build/benchmarks/high-quality/integrated-validation-106-translation-only-4b/metrics/md62mmdz0m/e22-standard.en.txt	Segment 45	score: 0.7109
/Users/maz/.codex/worktrees/da40/whisperASR/.build/benchmarks/high-quality/integrated-validation-106-translation-only-4b/metrics/md62mmdz0m/translategemma-4b-it-4bit.en.txt	Segment 45	score: 0.6460
/Users/maz/.codex/worktrees/da40/whisperASR/.build/benchmarks/high-quality/integrated-validation-106-translation-only-4b/metrics/md62mmdz0m/e22-standard.en.txt	Segment 46	score: 0.5786
/Users/maz/.codex/worktrees/da40/whisperASR/.build/benchmarks/high-quality/integrated-validation-106-translation-only-4b/metrics/md62mmdz0m/translategemma-4b-it-4bit.en.txt	Segment 46	score: 0.5273
/Users/maz/.codex/worktrees/da40/whisperASR/.build/benchmarks/high-quality/integrated-validation-106-translation-only-4b/metrics/md62mmdz0m/e22-standard.en.txt	Segment 47	score: 0.6621
/Users/maz/.codex/worktrees/da40/whisperASR/.build/benchmarks/high-quality/integrated-validation-106-translation-only-4b/metrics/md62mmdz0m/translategemma-4b-it-4bit.en.txt	Segment 47	score: 0.5649
/Users/maz/.codex/worktrees/da40/whisperASR/.build/benchmarks/high-quality/integrated-validation-106-translation-only-4b/metrics/md62mmdz0m/e22-standard.en.txt	Segment 48	score: 0.6089
/Users/maz/.codex/worktrees/da40/whisperASR/.build/benchmarks/high-quality/integrated-validation-106-translation-only-4b/metrics/md62mmdz0m/translategemma-4b-it-4bit.en.txt	Segment 48	score: 0.4722
/Users/maz/.codex/worktrees/da40/whisperASR/.build/benchmarks/high-quality/integrated-validation-106-translation-only-4b/metrics/md62mmdz0m/e22-standard.en.txt	Segment 49	score: 0.7935
/Users/maz/.codex/worktrees/da40/whisperASR/.build/benchmarks/high-quality/integrated-validation-106-translation-only-4b/metrics/md62mmdz0m/translategemma-4b-it-4bit.en.txt	Segment 49	score: 0.7935
/Users/maz/.codex/worktrees/da40/whisperASR/.build/benchmarks/high-quality/integrated-validation-106-translation-only-4b/metrics/md62mmdz0m/e22-standard.en.txt	Segment 50	score: 0.6479
/Users/maz/.codex/worktrees/da40/whisperASR/.build/benchmarks/high-quality/integrated-validation-106-translation-only-4b/metrics/md62mmdz0m/translategemma-4b-it-4bit.en.txt	Segment 50	score: 0.5840
/Users/maz/.codex/worktrees/da40/whisperASR/.build/benchmarks/high-quality/integrated-validation-106-translation-only-4b/metrics/md62mmdz0m/e22-standard.en.txt	Segment 51	score: 0.6689
/Users/maz/.codex/worktrees/da40/whisperASR/.build/benchmarks/high-quality/integrated-validation-106-translation-only-4b/metrics/md62mmdz0m/translategemma-4b-it-4bit.en.txt	Segment 51	score: 0.5972
/Users/maz/.codex/worktrees/da40/whisperASR/.build/benchmarks/high-quality/integrated-validation-106-translation-only-4b/metrics/md62mmdz0m/e22-standard.en.txt	Segment 52	score: 0.6953
/Users/maz/.codex/worktrees/da40/whisperASR/.build/benchmarks/high-quality/integrated-validation-106-translation-only-4b/metrics/md62mmdz0m/translategemma-4b-it-4bit.en.txt	Segment 52	score: 0.5796
/Users/maz/.codex/worktrees/da40/whisperASR/.build/benchmarks/high-quality/integrated-validation-106-translation-only-4b/metrics/md62mmdz0m/e22-standard.en.txt	Segment 53	score: 0.5889
/Users/maz/.codex/worktrees/da40/whisperASR/.build/benchmarks/high-quality/integrated-validation-106-translation-only-4b/metrics/md62mmdz0m/translategemma-4b-it-4bit.en.txt	Segment 53	score: 0.6284
/Users/maz/.codex/worktrees/da40/whisperASR/.build/benchmarks/high-quality/integrated-validation-106-translation-only-4b/metrics/md62mmdz0m/e22-standard.en.txt	Segment 54	score: 0.5464
/Users/maz/.codex/worktrees/da40/whisperASR/.build/benchmarks/high-quality/integrated-validation-106-translation-only-4b/metrics/md62mmdz0m/translategemma-4b-it-4bit.en.txt	Segment 54	score: 0.8940
/Users/maz/.codex/worktrees/da40/whisperASR/.build/benchmarks/high-quality/integrated-validation-106-translation-only-4b/metrics/md62mmdz0m/e22-standard.en.txt	Segment 55	score: 0.8428
/Users/maz/.codex/worktrees/da40/whisperASR/.build/benchmarks/high-quality/integrated-validation-106-translation-only-4b/metrics/md62mmdz0m/translategemma-4b-it-4bit.en.txt	Segment 55	score: 0.8174
/Users/maz/.codex/worktrees/da40/whisperASR/.build/benchmarks/high-quality/integrated-validation-106-translation-only-4b/metrics/md62mmdz0m/e22-standard.en.txt	Segment 56	score: 0.7988
/Users/maz/.codex/worktrees/da40/whisperASR/.build/benchmarks/high-quality/integrated-validation-106-translation-only-4b/metrics/md62mmdz0m/translategemma-4b-it-4bit.en.txt	Segment 56	score: 0.7339
/Users/maz/.codex/worktrees/da40/whisperASR/.build/benchmarks/high-quality/integrated-validation-106-translation-only-4b/metrics/md62mmdz0m/e22-standard.en.txt	Segment 57	score: 0.4873
/Users/maz/.codex/worktrees/da40/whisperASR/.build/benchmarks/high-quality/integrated-validation-106-translation-only-4b/metrics/md62mmdz0m/translategemma-4b-it-4bit.en.txt	Segment 57	score: 0.5068
/Users/maz/.codex/worktrees/da40/whisperASR/.build/benchmarks/high-quality/integrated-validation-106-translation-only-4b/metrics/md62mmdz0m/e22-standard.en.txt	Segment 58	score: 0.4824
/Users/maz/.codex/worktrees/da40/whisperASR/.build/benchmarks/high-quality/integrated-validation-106-translation-only-4b/metrics/md62mmdz0m/translategemma-4b-it-4bit.en.txt	Segment 58	score: 0.4634
/Users/maz/.codex/worktrees/da40/whisperASR/.build/benchmarks/high-quality/integrated-validation-106-translation-only-4b/metrics/md62mmdz0m/e22-standard.en.txt	Segment 59	score: 0.6196
/Users/maz/.codex/worktrees/da40/whisperASR/.build/benchmarks/high-quality/integrated-validation-106-translation-only-4b/metrics/md62mmdz0m/translategemma-4b-it-4bit.en.txt	Segment 59	score: 0.5713
/Users/maz/.codex/worktrees/da40/whisperASR/.build/benchmarks/high-quality/integrated-validation-106-translation-only-4b/metrics/md62mmdz0m/e22-standard.en.txt	Segment 60	score: 0.6045
/Users/maz/.codex/worktrees/da40/whisperASR/.build/benchmarks/high-quality/integrated-validation-106-translation-only-4b/metrics/md62mmdz0m/translategemma-4b-it-4bit.en.txt	Segment 60	score: 0.5806
/Users/maz/.codex/worktrees/da40/whisperASR/.build/benchmarks/high-quality/integrated-validation-106-translation-only-4b/metrics/md62mmdz0m/e22-standard.en.txt	Segment 61	score: 0.6299
/Users/maz/.codex/worktrees/da40/whisperASR/.build/benchmarks/high-quality/integrated-validation-106-translation-only-4b/metrics/md62mmdz0m/translategemma-4b-it-4bit.en.txt	Segment 61	score: 0.5508
/Users/maz/.codex/worktrees/da40/whisperASR/.build/benchmarks/high-quality/integrated-validation-106-translation-only-4b/metrics/md62mmdz0m/e22-standard.en.txt	Segment 62	score: 0.6162
/Users/maz/.codex/worktrees/da40/whisperASR/.build/benchmarks/high-quality/integrated-validation-106-translation-only-4b/metrics/md62mmdz0m/translategemma-4b-it-4bit.en.txt	Segment 62	score: 0.5488
/Users/maz/.codex/worktrees/da40/whisperASR/.build/benchmarks/high-quality/integrated-validation-106-translation-only-4b/metrics/md62mmdz0m/e22-standard.en.txt	Segment 63	score: 0.6235
/Users/maz/.codex/worktrees/da40/whisperASR/.build/benchmarks/high-quality/integrated-validation-106-translation-only-4b/metrics/md62mmdz0m/translategemma-4b-it-4bit.en.txt	Segment 63	score: 0.5430
/Users/maz/.codex/worktrees/da40/whisperASR/.build/benchmarks/high-quality/integrated-validation-106-translation-only-4b/metrics/md62mmdz0m/e22-standard.en.txt	Segment 64	score: 0.3752
/Users/maz/.codex/worktrees/da40/whisperASR/.build/benchmarks/high-quality/integrated-validation-106-translation-only-4b/metrics/md62mmdz0m/translategemma-4b-it-4bit.en.txt	Segment 64	score: 0.4102
/Users/maz/.codex/worktrees/da40/whisperASR/.build/benchmarks/high-quality/integrated-validation-106-translation-only-4b/metrics/md62mmdz0m/e22-standard.en.txt	Segment 65	score: 0.5640
/Users/maz/.codex/worktrees/da40/whisperASR/.build/benchmarks/high-quality/integrated-validation-106-translation-only-4b/metrics/md62mmdz0m/translategemma-4b-it-4bit.en.txt	Segment 65	score: 0.5464
/Users/maz/.codex/worktrees/da40/whisperASR/.build/benchmarks/high-quality/integrated-validation-106-translation-only-4b/metrics/md62mmdz0m/e22-standard.en.txt	Segment 66	score: 0.5093
/Users/maz/.codex/worktrees/da40/whisperASR/.build/benchmarks/high-quality/integrated-validation-106-translation-only-4b/metrics/md62mmdz0m/translategemma-4b-it-4bit.en.txt	Segment 66	score: 0.4968
/Users/maz/.codex/worktrees/da40/whisperASR/.build/benchmarks/high-quality/integrated-validation-106-translation-only-4b/metrics/md62mmdz0m/e22-standard.en.txt	Segment 67	score: 0.4036
/Users/maz/.codex/worktrees/da40/whisperASR/.build/benchmarks/high-quality/integrated-validation-106-translation-only-4b/metrics/md62mmdz0m/translategemma-4b-it-4bit.en.txt	Segment 67	score: 0.4087
/Users/maz/.codex/worktrees/da40/whisperASR/.build/benchmarks/high-quality/integrated-validation-106-translation-only-4b/metrics/md62mmdz0m/e22-standard.en.txt	Segment 68	score: 0.6855
/Users/maz/.codex/worktrees/da40/whisperASR/.build/benchmarks/high-quality/integrated-validation-106-translation-only-4b/metrics/md62mmdz0m/translategemma-4b-it-4bit.en.txt	Segment 68	score: 0.6743
/Users/maz/.codex/worktrees/da40/whisperASR/.build/benchmarks/high-quality/integrated-validation-106-translation-only-4b/metrics/md62mmdz0m/e22-standard.en.txt	Segment 69	score: 0.3625
/Users/maz/.codex/worktrees/da40/whisperASR/.build/benchmarks/high-quality/integrated-validation-106-translation-only-4b/metrics/md62mmdz0m/translategemma-4b-it-4bit.en.txt	Segment 69	score: 0.4001
/Users/maz/.codex/worktrees/da40/whisperASR/.build/benchmarks/high-quality/integrated-validation-106-translation-only-4b/metrics/md62mmdz0m/e22-standard.en.txt	Segment 70	score: 0.6392
/Users/maz/.codex/worktrees/da40/whisperASR/.build/benchmarks/high-quality/integrated-validation-106-translation-only-4b/metrics/md62mmdz0m/translategemma-4b-it-4bit.en.txt	Segment 70	score: 0.5889
/Users/maz/.codex/worktrees/da40/whisperASR/.build/benchmarks/high-quality/integrated-validation-106-translation-only-4b/metrics/md62mmdz0m/e22-standard.en.txt	Segment 71	score: 0.6558
/Users/maz/.codex/worktrees/da40/whisperASR/.build/benchmarks/high-quality/integrated-validation-106-translation-only-4b/metrics/md62mmdz0m/translategemma-4b-it-4bit.en.txt	Segment 71	score: 0.6025
/Users/maz/.codex/worktrees/da40/whisperASR/.build/benchmarks/high-quality/integrated-validation-106-translation-only-4b/metrics/md62mmdz0m/e22-standard.en.txt	Segment 72	score: 0.6245
/Users/maz/.codex/worktrees/da40/whisperASR/.build/benchmarks/high-quality/integrated-validation-106-translation-only-4b/metrics/md62mmdz0m/translategemma-4b-it-4bit.en.txt	Segment 72	score: 0.5269
/Users/maz/.codex/worktrees/da40/whisperASR/.build/benchmarks/high-quality/integrated-validation-106-translation-only-4b/metrics/md62mmdz0m/e22-standard.en.txt	Segment 73	score: 0.6626
/Users/maz/.codex/worktrees/da40/whisperASR/.build/benchmarks/high-quality/integrated-validation-106-translation-only-4b/metrics/md62mmdz0m/translategemma-4b-it-4bit.en.txt	Segment 73	score: 0.5874
/Users/maz/.codex/worktrees/da40/whisperASR/.build/benchmarks/high-quality/integrated-validation-106-translation-only-4b/metrics/md62mmdz0m/e22-standard.en.txt	Segment 74	score: 0.7671
/Users/maz/.codex/worktrees/da40/whisperASR/.build/benchmarks/high-quality/integrated-validation-106-translation-only-4b/metrics/md62mmdz0m/translategemma-4b-it-4bit.en.txt	Segment 74	score: 0.5610
/Users/maz/.codex/worktrees/da40/whisperASR/.build/benchmarks/high-quality/integrated-validation-106-translation-only-4b/metrics/md62mmdz0m/e22-standard.en.txt	Segment 75	score: 0.4392
/Users/maz/.codex/worktrees/da40/whisperASR/.build/benchmarks/high-quality/integrated-validation-106-translation-only-4b/metrics/md62mmdz0m/translategemma-4b-it-4bit.en.txt	Segment 75	score: 0.4731
/Users/maz/.codex/worktrees/da40/whisperASR/.build/benchmarks/high-quality/integrated-validation-106-translation-only-4b/metrics/md62mmdz0m/e22-standard.en.txt	Segment 76	score: 0.9189
/Users/maz/.codex/worktrees/da40/whisperASR/.build/benchmarks/high-quality/integrated-validation-106-translation-only-4b/metrics/md62mmdz0m/translategemma-4b-it-4bit.en.txt	Segment 76	score: 0.8931
/Users/maz/.codex/worktrees/da40/whisperASR/.build/benchmarks/high-quality/integrated-validation-106-translation-only-4b/metrics/md62mmdz0m/e22-standard.en.txt	Segment 77	score: 0.7388
/Users/maz/.codex/worktrees/da40/whisperASR/.build/benchmarks/high-quality/integrated-validation-106-translation-only-4b/metrics/md62mmdz0m/translategemma-4b-it-4bit.en.txt	Segment 77	score: 0.6338
/Users/maz/.codex/worktrees/da40/whisperASR/.build/benchmarks/high-quality/integrated-validation-106-translation-only-4b/metrics/md62mmdz0m/e22-standard.en.txt	Segment 78	score: 0.5571
/Users/maz/.codex/worktrees/da40/whisperASR/.build/benchmarks/high-quality/integrated-validation-106-translation-only-4b/metrics/md62mmdz0m/translategemma-4b-it-4bit.en.txt	Segment 78	score: 0.4927
/Users/maz/.codex/worktrees/da40/whisperASR/.build/benchmarks/high-quality/integrated-validation-106-translation-only-4b/metrics/md62mmdz0m/e22-standard.en.txt	Segment 79	score: 0.6138
/Users/maz/.codex/worktrees/da40/whisperASR/.build/benchmarks/high-quality/integrated-validation-106-translation-only-4b/metrics/md62mmdz0m/translategemma-4b-it-4bit.en.txt	Segment 79	score: 0.5923
/Users/maz/.codex/worktrees/da40/whisperASR/.build/benchmarks/high-quality/integrated-validation-106-translation-only-4b/metrics/md62mmdz0m/e22-standard.en.txt	Segment 80	score: 0.6807
/Users/maz/.codex/worktrees/da40/whisperASR/.build/benchmarks/high-quality/integrated-validation-106-translation-only-4b/metrics/md62mmdz0m/translategemma-4b-it-4bit.en.txt	Segment 80	score: 0.5918
/Users/maz/.codex/worktrees/da40/whisperASR/.build/benchmarks/high-quality/integrated-validation-106-translation-only-4b/metrics/md62mmdz0m/e22-standard.en.txt	Segment 81	score: 0.4778
/Users/maz/.codex/worktrees/da40/whisperASR/.build/benchmarks/high-quality/integrated-validation-106-translation-only-4b/metrics/md62mmdz0m/translategemma-4b-it-4bit.en.txt	Segment 81	score: 0.6045
/Users/maz/.codex/worktrees/da40/whisperASR/.build/benchmarks/high-quality/integrated-validation-106-translation-only-4b/metrics/md62mmdz0m/e22-standard.en.txt	Segment 82	score: 0.5454
/Users/maz/.codex/worktrees/da40/whisperASR/.build/benchmarks/high-quality/integrated-validation-106-translation-only-4b/metrics/md62mmdz0m/translategemma-4b-it-4bit.en.txt	Segment 82	score: 0.6245
/Users/maz/.codex/worktrees/da40/whisperASR/.build/benchmarks/high-quality/integrated-validation-106-translation-only-4b/metrics/md62mmdz0m/e22-standard.en.txt	Segment 83	score: 0.6152
/Users/maz/.codex/worktrees/da40/whisperASR/.build/benchmarks/high-quality/integrated-validation-106-translation-only-4b/metrics/md62mmdz0m/translategemma-4b-it-4bit.en.txt	Segment 83	score: 0.5874
/Users/maz/.codex/worktrees/da40/whisperASR/.build/benchmarks/high-quality/integrated-validation-106-translation-only-4b/metrics/md62mmdz0m/e22-standard.en.txt	Segment 84	score: 0.5542
/Users/maz/.codex/worktrees/da40/whisperASR/.build/benchmarks/high-quality/integrated-validation-106-translation-only-4b/metrics/md62mmdz0m/translategemma-4b-it-4bit.en.txt	Segment 84	score: 0.5679
/Users/maz/.codex/worktrees/da40/whisperASR/.build/benchmarks/high-quality/integrated-validation-106-translation-only-4b/metrics/md62mmdz0m/e22-standard.en.txt	Segment 85	score: 0.5732
/Users/maz/.codex/worktrees/da40/whisperASR/.build/benchmarks/high-quality/integrated-validation-106-translation-only-4b/metrics/md62mmdz0m/translategemma-4b-it-4bit.en.txt	Segment 85	score: 0.6016
/Users/maz/.codex/worktrees/da40/whisperASR/.build/benchmarks/high-quality/integrated-validation-106-translation-only-4b/metrics/md62mmdz0m/e22-standard.en.txt	Segment 86	score: 0.5884
/Users/maz/.codex/worktrees/da40/whisperASR/.build/benchmarks/high-quality/integrated-validation-106-translation-only-4b/metrics/md62mmdz0m/translategemma-4b-it-4bit.en.txt	Segment 86	score: 0.5962
/Users/maz/.codex/worktrees/da40/whisperASR/.build/benchmarks/high-quality/integrated-validation-106-translation-only-4b/metrics/md62mmdz0m/e22-standard.en.txt	Segment 87	score: 0.4128
/Users/maz/.codex/worktrees/da40/whisperASR/.build/benchmarks/high-quality/integrated-validation-106-translation-only-4b/metrics/md62mmdz0m/translategemma-4b-it-4bit.en.txt	Segment 87	score: 0.4771
/Users/maz/.codex/worktrees/da40/whisperASR/.build/benchmarks/high-quality/integrated-validation-106-translation-only-4b/metrics/md62mmdz0m/e22-standard.en.txt	Segment 88	score: 0.5015
/Users/maz/.codex/worktrees/da40/whisperASR/.build/benchmarks/high-quality/integrated-validation-106-translation-only-4b/metrics/md62mmdz0m/translategemma-4b-it-4bit.en.txt	Segment 88	score: 0.4548
/Users/maz/.codex/worktrees/da40/whisperASR/.build/benchmarks/high-quality/integrated-validation-106-translation-only-4b/metrics/md62mmdz0m/e22-standard.en.txt	Segment 89	score: 0.7212
/Users/maz/.codex/worktrees/da40/whisperASR/.build/benchmarks/high-quality/integrated-validation-106-translation-only-4b/metrics/md62mmdz0m/translategemma-4b-it-4bit.en.txt	Segment 89	score: 0.6528
/Users/maz/.codex/worktrees/da40/whisperASR/.build/benchmarks/high-quality/integrated-validation-106-translation-only-4b/metrics/md62mmdz0m/e22-standard.en.txt	Segment 90	score: 0.6655
/Users/maz/.codex/worktrees/da40/whisperASR/.build/benchmarks/high-quality/integrated-validation-106-translation-only-4b/metrics/md62mmdz0m/translategemma-4b-it-4bit.en.txt	Segment 90	score: 0.8066
/Users/maz/.codex/worktrees/da40/whisperASR/.build/benchmarks/high-quality/integrated-validation-106-translation-only-4b/metrics/md62mmdz0m/e22-standard.en.txt	Segment 91	score: 0.4900
/Users/maz/.codex/worktrees/da40/whisperASR/.build/benchmarks/high-quality/integrated-validation-106-translation-only-4b/metrics/md62mmdz0m/translategemma-4b-it-4bit.en.txt	Segment 91	score: 0.7632
/Users/maz/.codex/worktrees/da40/whisperASR/.build/benchmarks/high-quality/integrated-validation-106-translation-only-4b/metrics/md62mmdz0m/e22-standard.en.txt	Segment 92	score: 0.7715
/Users/maz/.codex/worktrees/da40/whisperASR/.build/benchmarks/high-quality/integrated-validation-106-translation-only-4b/metrics/md62mmdz0m/translategemma-4b-it-4bit.en.txt	Segment 92	score: 0.6313
/Users/maz/.codex/worktrees/da40/whisperASR/.build/benchmarks/high-quality/integrated-validation-106-translation-only-4b/metrics/md62mmdz0m/e22-standard.en.txt	Segment 93	score: 0.5757
/Users/maz/.codex/worktrees/da40/whisperASR/.build/benchmarks/high-quality/integrated-validation-106-translation-only-4b/metrics/md62mmdz0m/translategemma-4b-it-4bit.en.txt	Segment 93	score: 0.5352
/Users/maz/.codex/worktrees/da40/whisperASR/.build/benchmarks/high-quality/integrated-validation-106-translation-only-4b/metrics/md62mmdz0m/e22-standard.en.txt	Segment 94	score: 0.4468
/Users/maz/.codex/worktrees/da40/whisperASR/.build/benchmarks/high-quality/integrated-validation-106-translation-only-4b/metrics/md62mmdz0m/translategemma-4b-it-4bit.en.txt	Segment 94	score: 0.4507
/Users/maz/.codex/worktrees/da40/whisperASR/.build/benchmarks/high-quality/integrated-validation-106-translation-only-4b/metrics/md62mmdz0m/e22-standard.en.txt	Segment 95	score: 0.7197
/Users/maz/.codex/worktrees/da40/whisperASR/.build/benchmarks/high-quality/integrated-validation-106-translation-only-4b/metrics/md62mmdz0m/translategemma-4b-it-4bit.en.txt	Segment 95	score: 0.7129
/Users/maz/.codex/worktrees/da40/whisperASR/.build/benchmarks/high-quality/integrated-validation-106-translation-only-4b/metrics/md62mmdz0m/e22-standard.en.txt	Segment 96	score: 0.4180
/Users/maz/.codex/worktrees/da40/whisperASR/.build/benchmarks/high-quality/integrated-validation-106-translation-only-4b/metrics/md62mmdz0m/translategemma-4b-it-4bit.en.txt	Segment 96	score: 0.4429
/Users/maz/.codex/worktrees/da40/whisperASR/.build/benchmarks/high-quality/integrated-validation-106-translation-only-4b/metrics/md62mmdz0m/e22-standard.en.txt	Segment 97	score: 0.3901
/Users/maz/.codex/worktrees/da40/whisperASR/.build/benchmarks/high-quality/integrated-validation-106-translation-only-4b/metrics/md62mmdz0m/translategemma-4b-it-4bit.en.txt	Segment 97	score: 0.4302
/Users/maz/.codex/worktrees/da40/whisperASR/.build/benchmarks/high-quality/integrated-validation-106-translation-only-4b/metrics/md62mmdz0m/e22-standard.en.txt	Segment 98	score: 0.3945
/Users/maz/.codex/worktrees/da40/whisperASR/.build/benchmarks/high-quality/integrated-validation-106-translation-only-4b/metrics/md62mmdz0m/translategemma-4b-it-4bit.en.txt	Segment 98	score: 0.3938
/Users/maz/.codex/worktrees/da40/whisperASR/.build/benchmarks/high-quality/integrated-validation-106-translation-only-4b/metrics/md62mmdz0m/e22-standard.en.txt	Segment 99	score: 0.5845
/Users/maz/.codex/worktrees/da40/whisperASR/.build/benchmarks/high-quality/integrated-validation-106-translation-only-4b/metrics/md62mmdz0m/translategemma-4b-it-4bit.en.txt	Segment 99	score: 0.6333
/Users/maz/.codex/worktrees/da40/whisperASR/.build/benchmarks/high-quality/integrated-validation-106-translation-only-4b/metrics/md62mmdz0m/e22-standard.en.txt	Segment 100	score: 0.5161
/Users/maz/.codex/worktrees/da40/whisperASR/.build/benchmarks/high-quality/integrated-validation-106-translation-only-4b/metrics/md62mmdz0m/translategemma-4b-it-4bit.en.txt	Segment 100	score: 0.4844
/Users/maz/.codex/worktrees/da40/whisperASR/.build/benchmarks/high-quality/integrated-validation-106-translation-only-4b/metrics/md62mmdz0m/e22-standard.en.txt	Segment 101	score: 0.4512
/Users/maz/.codex/worktrees/da40/whisperASR/.build/benchmarks/high-quality/integrated-validation-106-translation-only-4b/metrics/md62mmdz0m/translategemma-4b-it-4bit.en.txt	Segment 101	score: 0.4670
/Users/maz/.codex/worktrees/da40/whisperASR/.build/benchmarks/high-quality/integrated-validation-106-translation-only-4b/metrics/md62mmdz0m/e22-standard.en.txt	Segment 102	score: 0.5088
/Users/maz/.codex/worktrees/da40/whisperASR/.build/benchmarks/high-quality/integrated-validation-106-translation-only-4b/metrics/md62mmdz0m/translategemma-4b-it-4bit.en.txt	Segment 102	score: 0.4595
/Users/maz/.codex/worktrees/da40/whisperASR/.build/benchmarks/high-quality/integrated-validation-106-translation-only-4b/metrics/md62mmdz0m/e22-standard.en.txt	Segment 103	score: 0.4512
/Users/maz/.codex/worktrees/da40/whisperASR/.build/benchmarks/high-quality/integrated-validation-106-translation-only-4b/metrics/md62mmdz0m/translategemma-4b-it-4bit.en.txt	Segment 103	score: 0.4670
/Users/maz/.codex/worktrees/da40/whisperASR/.build/benchmarks/high-quality/integrated-validation-106-translation-only-4b/metrics/md62mmdz0m/e22-standard.en.txt	Segment 104	score: 0.7314
/Users/maz/.codex/worktrees/da40/whisperASR/.build/benchmarks/high-quality/integrated-validation-106-translation-only-4b/metrics/md62mmdz0m/translategemma-4b-it-4bit.en.txt	Segment 104	score: 0.7222
/Users/maz/.codex/worktrees/da40/whisperASR/.build/benchmarks/high-quality/integrated-validation-106-translation-only-4b/metrics/md62mmdz0m/e22-standard.en.txt	Segment 105	score: 0.4807
/Users/maz/.codex/worktrees/da40/whisperASR/.build/benchmarks/high-quality/integrated-validation-106-translation-only-4b/metrics/md62mmdz0m/translategemma-4b-it-4bit.en.txt	Segment 105	score: 0.5464
/Users/maz/.codex/worktrees/da40/whisperASR/.build/benchmarks/high-quality/integrated-validation-106-translation-only-4b/metrics/md62mmdz0m/e22-standard.en.txt	Segment 106	score: 0.4429
/Users/maz/.codex/worktrees/da40/whisperASR/.build/benchmarks/high-quality/integrated-validation-106-translation-only-4b/metrics/md62mmdz0m/translategemma-4b-it-4bit.en.txt	Segment 106	score: 0.4736
/Users/maz/.codex/worktrees/da40/whisperASR/.build/benchmarks/high-quality/integrated-validation-106-translation-only-4b/metrics/md62mmdz0m/e22-standard.en.txt	Segment 107	score: 0.7017
/Users/maz/.codex/worktrees/da40/whisperASR/.build/benchmarks/high-quality/integrated-validation-106-translation-only-4b/metrics/md62mmdz0m/translategemma-4b-it-4bit.en.txt	Segment 107	score: 0.5171
/Users/maz/.codex/worktrees/da40/whisperASR/.build/benchmarks/high-quality/integrated-validation-106-translation-only-4b/metrics/md62mmdz0m/e22-standard.en.txt	Segment 108	score: 0.7285
/Users/maz/.codex/worktrees/da40/whisperASR/.build/benchmarks/high-quality/integrated-validation-106-translation-only-4b/metrics/md62mmdz0m/translategemma-4b-it-4bit.en.txt	Segment 108	score: 0.7310
/Users/maz/.codex/worktrees/da40/whisperASR/.build/benchmarks/high-quality/integrated-validation-106-translation-only-4b/metrics/md62mmdz0m/e22-standard.en.txt	Segment 109	score: 0.7632
/Users/maz/.codex/worktrees/da40/whisperASR/.build/benchmarks/high-quality/integrated-validation-106-translation-only-4b/metrics/md62mmdz0m/translategemma-4b-it-4bit.en.txt	Segment 109	score: 0.7866
/Users/maz/.codex/worktrees/da40/whisperASR/.build/benchmarks/high-quality/integrated-validation-106-translation-only-4b/metrics/md62mmdz0m/e22-standard.en.txt	Segment 110	score: 0.8203
/Users/maz/.codex/worktrees/da40/whisperASR/.build/benchmarks/high-quality/integrated-validation-106-translation-only-4b/metrics/md62mmdz0m/translategemma-4b-it-4bit.en.txt	Segment 110	score: 0.9277
/Users/maz/.codex/worktrees/da40/whisperASR/.build/benchmarks/high-quality/integrated-validation-106-translation-only-4b/metrics/md62mmdz0m/e22-standard.en.txt	Segment 111	score: 0.8086
/Users/maz/.codex/worktrees/da40/whisperASR/.build/benchmarks/high-quality/integrated-validation-106-translation-only-4b/metrics/md62mmdz0m/translategemma-4b-it-4bit.en.txt	Segment 111	score: 0.8408
/Users/maz/.codex/worktrees/da40/whisperASR/.build/benchmarks/high-quality/integrated-validation-106-translation-only-4b/metrics/md62mmdz0m/e22-standard.en.txt	Segment 112	score: 0.7349
/Users/maz/.codex/worktrees/da40/whisperASR/.build/benchmarks/high-quality/integrated-validation-106-translation-only-4b/metrics/md62mmdz0m/translategemma-4b-it-4bit.en.txt	Segment 112	score: 0.6899
/Users/maz/.codex/worktrees/da40/whisperASR/.build/benchmarks/high-quality/integrated-validation-106-translation-only-4b/metrics/md62mmdz0m/e22-standard.en.txt	Segment 113	score: 0.7197
/Users/maz/.codex/worktrees/da40/whisperASR/.build/benchmarks/high-quality/integrated-validation-106-translation-only-4b/metrics/md62mmdz0m/translategemma-4b-it-4bit.en.txt	Segment 113	score: 0.6177
/Users/maz/.codex/worktrees/da40/whisperASR/.build/benchmarks/high-quality/integrated-validation-106-translation-only-4b/metrics/md62mmdz0m/e22-standard.en.txt	Segment 114	score: 0.8145
/Users/maz/.codex/worktrees/da40/whisperASR/.build/benchmarks/high-quality/integrated-validation-106-translation-only-4b/metrics/md62mmdz0m/translategemma-4b-it-4bit.en.txt	Segment 114	score: 0.7827
/Users/maz/.codex/worktrees/da40/whisperASR/.build/benchmarks/high-quality/integrated-validation-106-translation-only-4b/metrics/md62mmdz0m/e22-standard.en.txt	Segment 115	score: 0.5356
/Users/maz/.codex/worktrees/da40/whisperASR/.build/benchmarks/high-quality/integrated-validation-106-translation-only-4b/metrics/md62mmdz0m/translategemma-4b-it-4bit.en.txt	Segment 115	score: 0.5229
/Users/maz/.codex/worktrees/da40/whisperASR/.build/benchmarks/high-quality/integrated-validation-106-translation-only-4b/metrics/md62mmdz0m/e22-standard.en.txt	Segment 116	score: 0.6025
/Users/maz/.codex/worktrees/da40/whisperASR/.build/benchmarks/high-quality/integrated-validation-106-translation-only-4b/metrics/md62mmdz0m/translategemma-4b-it-4bit.en.txt	Segment 116	score: 0.6206
/Users/maz/.codex/worktrees/da40/whisperASR/.build/benchmarks/high-quality/integrated-validation-106-translation-only-4b/metrics/md62mmdz0m/e22-standard.en.txt	Segment 117	score: 0.7065
/Users/maz/.codex/worktrees/da40/whisperASR/.build/benchmarks/high-quality/integrated-validation-106-translation-only-4b/metrics/md62mmdz0m/translategemma-4b-it-4bit.en.txt	Segment 117	score: 0.4705
/Users/maz/.codex/worktrees/da40/whisperASR/.build/benchmarks/high-quality/integrated-validation-106-translation-only-4b/metrics/md62mmdz0m/e22-standard.en.txt	Segment 118	score: 0.6084
/Users/maz/.codex/worktrees/da40/whisperASR/.build/benchmarks/high-quality/integrated-validation-106-translation-only-4b/metrics/md62mmdz0m/translategemma-4b-it-4bit.en.txt	Segment 118	score: 0.6382
/Users/maz/.codex/worktrees/da40/whisperASR/.build/benchmarks/high-quality/integrated-validation-106-translation-only-4b/metrics/md62mmdz0m/e22-standard.en.txt	Segment 119	score: 0.4946
/Users/maz/.codex/worktrees/da40/whisperASR/.build/benchmarks/high-quality/integrated-validation-106-translation-only-4b/metrics/md62mmdz0m/translategemma-4b-it-4bit.en.txt	Segment 119	score: 0.5894
/Users/maz/.codex/worktrees/da40/whisperASR/.build/benchmarks/high-quality/integrated-validation-106-translation-only-4b/metrics/md62mmdz0m/e22-standard.en.txt	Segment 120	score: 0.6221
/Users/maz/.codex/worktrees/da40/whisperASR/.build/benchmarks/high-quality/integrated-validation-106-translation-only-4b/metrics/md62mmdz0m/translategemma-4b-it-4bit.en.txt	Segment 120	score: 0.6304
/Users/maz/.codex/worktrees/da40/whisperASR/.build/benchmarks/high-quality/integrated-validation-106-translation-only-4b/metrics/md62mmdz0m/e22-standard.en.txt	Segment 121	score: 0.6543
/Users/maz/.codex/worktrees/da40/whisperASR/.build/benchmarks/high-quality/integrated-validation-106-translation-only-4b/metrics/md62mmdz0m/translategemma-4b-it-4bit.en.txt	Segment 121	score: 0.7520
/Users/maz/.codex/worktrees/da40/whisperASR/.build/benchmarks/high-quality/integrated-validation-106-translation-only-4b/metrics/md62mmdz0m/e22-standard.en.txt	Segment 122	score: 0.5381
/Users/maz/.codex/worktrees/da40/whisperASR/.build/benchmarks/high-quality/integrated-validation-106-translation-only-4b/metrics/md62mmdz0m/translategemma-4b-it-4bit.en.txt	Segment 122	score: 0.5015
/Users/maz/.codex/worktrees/da40/whisperASR/.build/benchmarks/high-quality/integrated-validation-106-translation-only-4b/metrics/md62mmdz0m/e22-standard.en.txt	Segment 123	score: 0.7236
/Users/maz/.codex/worktrees/da40/whisperASR/.build/benchmarks/high-quality/integrated-validation-106-translation-only-4b/metrics/md62mmdz0m/translategemma-4b-it-4bit.en.txt	Segment 123	score: 0.6548
/Users/maz/.codex/worktrees/da40/whisperASR/.build/benchmarks/high-quality/integrated-validation-106-translation-only-4b/metrics/md62mmdz0m/e22-standard.en.txt	Segment 124	score: 0.7422
/Users/maz/.codex/worktrees/da40/whisperASR/.build/benchmarks/high-quality/integrated-validation-106-translation-only-4b/metrics/md62mmdz0m/translategemma-4b-it-4bit.en.txt	Segment 124	score: 0.6382
/Users/maz/.codex/worktrees/da40/whisperASR/.build/benchmarks/high-quality/integrated-validation-106-translation-only-4b/metrics/md62mmdz0m/e22-standard.en.txt	Segment 125	score: 0.6304
/Users/maz/.codex/worktrees/da40/whisperASR/.build/benchmarks/high-quality/integrated-validation-106-translation-only-4b/metrics/md62mmdz0m/translategemma-4b-it-4bit.en.txt	Segment 125	score: 0.6128
/Users/maz/.codex/worktrees/da40/whisperASR/.build/benchmarks/high-quality/integrated-validation-106-translation-only-4b/metrics/md62mmdz0m/e22-standard.en.txt	Segment 126	score: 0.6655
/Users/maz/.codex/worktrees/da40/whisperASR/.build/benchmarks/high-quality/integrated-validation-106-translation-only-4b/metrics/md62mmdz0m/translategemma-4b-it-4bit.en.txt	Segment 126	score: 0.7520
/Users/maz/.codex/worktrees/da40/whisperASR/.build/benchmarks/high-quality/integrated-validation-106-translation-only-4b/metrics/md62mmdz0m/e22-standard.en.txt	Segment 127	score: 0.8994
/Users/maz/.codex/worktrees/da40/whisperASR/.build/benchmarks/high-quality/integrated-validation-106-translation-only-4b/metrics/md62mmdz0m/translategemma-4b-it-4bit.en.txt	Segment 127	score: 0.6733
/Users/maz/.codex/worktrees/da40/whisperASR/.build/benchmarks/high-quality/integrated-validation-106-translation-only-4b/metrics/md62mmdz0m/e22-standard.en.txt	Segment 128	score: 0.4209
/Users/maz/.codex/worktrees/da40/whisperASR/.build/benchmarks/high-quality/integrated-validation-106-translation-only-4b/metrics/md62mmdz0m/translategemma-4b-it-4bit.en.txt	Segment 128	score: 0.3677
/Users/maz/.codex/worktrees/da40/whisperASR/.build/benchmarks/high-quality/integrated-validation-106-translation-only-4b/metrics/md62mmdz0m/e22-standard.en.txt	Segment 129	score: 0.4954
/Users/maz/.codex/worktrees/da40/whisperASR/.build/benchmarks/high-quality/integrated-validation-106-translation-only-4b/metrics/md62mmdz0m/translategemma-4b-it-4bit.en.txt	Segment 129	score: 0.5601
/Users/maz/.codex/worktrees/da40/whisperASR/.build/benchmarks/high-quality/integrated-validation-106-translation-only-4b/metrics/md62mmdz0m/e22-standard.en.txt	Segment 130	score: 0.4753
/Users/maz/.codex/worktrees/da40/whisperASR/.build/benchmarks/high-quality/integrated-validation-106-translation-only-4b/metrics/md62mmdz0m/translategemma-4b-it-4bit.en.txt	Segment 130	score: 0.4326
/Users/maz/.codex/worktrees/da40/whisperASR/.build/benchmarks/high-quality/integrated-validation-106-translation-only-4b/metrics/md62mmdz0m/e22-standard.en.txt	Segment 131	score: 0.6650
/Users/maz/.codex/worktrees/da40/whisperASR/.build/benchmarks/high-quality/integrated-validation-106-translation-only-4b/metrics/md62mmdz0m/translategemma-4b-it-4bit.en.txt	Segment 131	score: 0.6851
/Users/maz/.codex/worktrees/da40/whisperASR/.build/benchmarks/high-quality/integrated-validation-106-translation-only-4b/metrics/md62mmdz0m/e22-standard.en.txt	Segment 132	score: 0.5078
/Users/maz/.codex/worktrees/da40/whisperASR/.build/benchmarks/high-quality/integrated-validation-106-translation-only-4b/metrics/md62mmdz0m/translategemma-4b-it-4bit.en.txt	Segment 132	score: 0.4680
/Users/maz/.codex/worktrees/da40/whisperASR/.build/benchmarks/high-quality/integrated-validation-106-translation-only-4b/metrics/md62mmdz0m/e22-standard.en.txt	Segment 133	score: 0.4600
/Users/maz/.codex/worktrees/da40/whisperASR/.build/benchmarks/high-quality/integrated-validation-106-translation-only-4b/metrics/md62mmdz0m/translategemma-4b-it-4bit.en.txt	Segment 133	score: 0.5127
/Users/maz/.codex/worktrees/da40/whisperASR/.build/benchmarks/high-quality/integrated-validation-106-translation-only-4b/metrics/md62mmdz0m/e22-standard.en.txt	Segment 134	score: 0.4146
/Users/maz/.codex/worktrees/da40/whisperASR/.build/benchmarks/high-quality/integrated-validation-106-translation-only-4b/metrics/md62mmdz0m/translategemma-4b-it-4bit.en.txt	Segment 134	score: 0.4360
/Users/maz/.codex/worktrees/da40/whisperASR/.build/benchmarks/high-quality/integrated-validation-106-translation-only-4b/metrics/md62mmdz0m/e22-standard.en.txt	Segment 135	score: 0.4163
/Users/maz/.codex/worktrees/da40/whisperASR/.build/benchmarks/high-quality/integrated-validation-106-translation-only-4b/metrics/md62mmdz0m/translategemma-4b-it-4bit.en.txt	Segment 135	score: 0.3894
/Users/maz/.codex/worktrees/da40/whisperASR/.build/benchmarks/high-quality/integrated-validation-106-translation-only-4b/metrics/md62mmdz0m/e22-standard.en.txt	Segment 136	score: 0.4607
/Users/maz/.codex/worktrees/da40/whisperASR/.build/benchmarks/high-quality/integrated-validation-106-translation-only-4b/metrics/md62mmdz0m/translategemma-4b-it-4bit.en.txt	Segment 136	score: 0.4204
/Users/maz/.codex/worktrees/da40/whisperASR/.build/benchmarks/high-quality/integrated-validation-106-translation-only-4b/metrics/md62mmdz0m/e22-standard.en.txt	Segment 137	score: 0.5903
/Users/maz/.codex/worktrees/da40/whisperASR/.build/benchmarks/high-quality/integrated-validation-106-translation-only-4b/metrics/md62mmdz0m/translategemma-4b-it-4bit.en.txt	Segment 137	score: 0.5322
/Users/maz/.codex/worktrees/da40/whisperASR/.build/benchmarks/high-quality/integrated-validation-106-translation-only-4b/metrics/md62mmdz0m/e22-standard.en.txt	Segment 138	score: 0.5283
/Users/maz/.codex/worktrees/da40/whisperASR/.build/benchmarks/high-quality/integrated-validation-106-translation-only-4b/metrics/md62mmdz0m/translategemma-4b-it-4bit.en.txt	Segment 138	score: 0.4595
/Users/maz/.codex/worktrees/da40/whisperASR/.build/benchmarks/high-quality/integrated-validation-106-translation-only-4b/metrics/md62mmdz0m/e22-standard.en.txt	Segment 139	score: 0.4932
/Users/maz/.codex/worktrees/da40/whisperASR/.build/benchmarks/high-quality/integrated-validation-106-translation-only-4b/metrics/md62mmdz0m/translategemma-4b-it-4bit.en.txt	Segment 139	score: 0.4666
/Users/maz/.codex/worktrees/da40/whisperASR/.build/benchmarks/high-quality/integrated-validation-106-translation-only-4b/metrics/md62mmdz0m/e22-standard.en.txt	Segment 140	score: 0.5493
/Users/maz/.codex/worktrees/da40/whisperASR/.build/benchmarks/high-quality/integrated-validation-106-translation-only-4b/metrics/md62mmdz0m/translategemma-4b-it-4bit.en.txt	Segment 140	score: 0.6118
/Users/maz/.codex/worktrees/da40/whisperASR/.build/benchmarks/high-quality/integrated-validation-106-translation-only-4b/metrics/md62mmdz0m/e22-standard.en.txt	Segment 141	score: 0.5166
/Users/maz/.codex/worktrees/da40/whisperASR/.build/benchmarks/high-quality/integrated-validation-106-translation-only-4b/metrics/md62mmdz0m/translategemma-4b-it-4bit.en.txt	Segment 141	score: 0.4741
/Users/maz/.codex/worktrees/da40/whisperASR/.build/benchmarks/high-quality/integrated-validation-106-translation-only-4b/metrics/md62mmdz0m/e22-standard.en.txt	Segment 142	score: 0.4858
/Users/maz/.codex/worktrees/da40/whisperASR/.build/benchmarks/high-quality/integrated-validation-106-translation-only-4b/metrics/md62mmdz0m/translategemma-4b-it-4bit.en.txt	Segment 142	score: 0.4702
/Users/maz/.codex/worktrees/da40/whisperASR/.build/benchmarks/high-quality/integrated-validation-106-translation-only-4b/metrics/md62mmdz0m/e22-standard.en.txt	Segment 143	score: 0.4834
/Users/maz/.codex/worktrees/da40/whisperASR/.build/benchmarks/high-quality/integrated-validation-106-translation-only-4b/metrics/md62mmdz0m/translategemma-4b-it-4bit.en.txt	Segment 143	score: 0.5352
/Users/maz/.codex/worktrees/da40/whisperASR/.build/benchmarks/high-quality/integrated-validation-106-translation-only-4b/metrics/md62mmdz0m/e22-standard.en.txt	Segment 144	score: 0.5464
/Users/maz/.codex/worktrees/da40/whisperASR/.build/benchmarks/high-quality/integrated-validation-106-translation-only-4b/metrics/md62mmdz0m/translategemma-4b-it-4bit.en.txt	Segment 144	score: 0.5156
/Users/maz/.codex/worktrees/da40/whisperASR/.build/benchmarks/high-quality/integrated-validation-106-translation-only-4b/metrics/md62mmdz0m/e22-standard.en.txt	Segment 145	score: 0.6807
/Users/maz/.codex/worktrees/da40/whisperASR/.build/benchmarks/high-quality/integrated-validation-106-translation-only-4b/metrics/md62mmdz0m/translategemma-4b-it-4bit.en.txt	Segment 145	score: 0.6367
/Users/maz/.codex/worktrees/da40/whisperASR/.build/benchmarks/high-quality/integrated-validation-106-translation-only-4b/metrics/md62mmdz0m/e22-standard.en.txt	Segment 146	score: 0.6572
/Users/maz/.codex/worktrees/da40/whisperASR/.build/benchmarks/high-quality/integrated-validation-106-translation-only-4b/metrics/md62mmdz0m/translategemma-4b-it-4bit.en.txt	Segment 146	score: 0.6318
/Users/maz/.codex/worktrees/da40/whisperASR/.build/benchmarks/high-quality/integrated-validation-106-translation-only-4b/metrics/md62mmdz0m/e22-standard.en.txt	Segment 147	score: 0.3672
/Users/maz/.codex/worktrees/da40/whisperASR/.build/benchmarks/high-quality/integrated-validation-106-translation-only-4b/metrics/md62mmdz0m/translategemma-4b-it-4bit.en.txt	Segment 147	score: 0.3025
/Users/maz/.codex/worktrees/da40/whisperASR/.build/benchmarks/high-quality/integrated-validation-106-translation-only-4b/metrics/md62mmdz0m/e22-standard.en.txt	Segment 148	score: 0.8467
/Users/maz/.codex/worktrees/da40/whisperASR/.build/benchmarks/high-quality/integrated-validation-106-translation-only-4b/metrics/md62mmdz0m/translategemma-4b-it-4bit.en.txt	Segment 148	score: 0.7852
/Users/maz/.codex/worktrees/da40/whisperASR/.build/benchmarks/high-quality/integrated-validation-106-translation-only-4b/metrics/md62mmdz0m/e22-standard.en.txt	Segment 149	score: 0.6797
/Users/maz/.codex/worktrees/da40/whisperASR/.build/benchmarks/high-quality/integrated-validation-106-translation-only-4b/metrics/md62mmdz0m/translategemma-4b-it-4bit.en.txt	Segment 149	score: 0.6934
/Users/maz/.codex/worktrees/da40/whisperASR/.build/benchmarks/high-quality/integrated-validation-106-translation-only-4b/metrics/md62mmdz0m/e22-standard.en.txt	Segment 150	score: 0.4797
/Users/maz/.codex/worktrees/da40/whisperASR/.build/benchmarks/high-quality/integrated-validation-106-translation-only-4b/metrics/md62mmdz0m/translategemma-4b-it-4bit.en.txt	Segment 150	score: 0.4714
/Users/maz/.codex/worktrees/da40/whisperASR/.build/benchmarks/high-quality/integrated-validation-106-translation-only-4b/metrics/md62mmdz0m/e22-standard.en.txt	Segment 151	score: 0.4329
/Users/maz/.codex/worktrees/da40/whisperASR/.build/benchmarks/high-quality/integrated-validation-106-translation-only-4b/metrics/md62mmdz0m/translategemma-4b-it-4bit.en.txt	Segment 151	score: 0.4246
/Users/maz/.codex/worktrees/da40/whisperASR/.build/benchmarks/high-quality/integrated-validation-106-translation-only-4b/metrics/md62mmdz0m/e22-standard.en.txt	Segment 152	score: 0.2605
/Users/maz/.codex/worktrees/da40/whisperASR/.build/benchmarks/high-quality/integrated-validation-106-translation-only-4b/metrics/md62mmdz0m/translategemma-4b-it-4bit.en.txt	Segment 152	score: 0.2607
/Users/maz/.codex/worktrees/da40/whisperASR/.build/benchmarks/high-quality/integrated-validation-106-translation-only-4b/metrics/md62mmdz0m/e22-standard.en.txt	Segment 153	score: 0.4907
/Users/maz/.codex/worktrees/da40/whisperASR/.build/benchmarks/high-quality/integrated-validation-106-translation-only-4b/metrics/md62mmdz0m/translategemma-4b-it-4bit.en.txt	Segment 153	score: 0.4712
/Users/maz/.codex/worktrees/da40/whisperASR/.build/benchmarks/high-quality/integrated-validation-106-translation-only-4b/metrics/md62mmdz0m/e22-standard.en.txt	Segment 154	score: 0.5698
/Users/maz/.codex/worktrees/da40/whisperASR/.build/benchmarks/high-quality/integrated-validation-106-translation-only-4b/metrics/md62mmdz0m/translategemma-4b-it-4bit.en.txt	Segment 154	score: 0.5195
/Users/maz/.codex/worktrees/da40/whisperASR/.build/benchmarks/high-quality/integrated-validation-106-translation-only-4b/metrics/md62mmdz0m/e22-standard.en.txt	Segment 155	score: 0.5879
/Users/maz/.codex/worktrees/da40/whisperASR/.build/benchmarks/high-quality/integrated-validation-106-translation-only-4b/metrics/md62mmdz0m/translategemma-4b-it-4bit.en.txt	Segment 155	score: 0.5400
/Users/maz/.codex/worktrees/da40/whisperASR/.build/benchmarks/high-quality/integrated-validation-106-translation-only-4b/metrics/md62mmdz0m/e22-standard.en.txt	Segment 156	score: 0.7622
/Users/maz/.codex/worktrees/da40/whisperASR/.build/benchmarks/high-quality/integrated-validation-106-translation-only-4b/metrics/md62mmdz0m/translategemma-4b-it-4bit.en.txt	Segment 156	score: 0.6631
/Users/maz/.codex/worktrees/da40/whisperASR/.build/benchmarks/high-quality/integrated-validation-106-translation-only-4b/metrics/md62mmdz0m/e22-standard.en.txt	Segment 157	score: 0.6855
/Users/maz/.codex/worktrees/da40/whisperASR/.build/benchmarks/high-quality/integrated-validation-106-translation-only-4b/metrics/md62mmdz0m/translategemma-4b-it-4bit.en.txt	Segment 157	score: 0.5586
/Users/maz/.codex/worktrees/da40/whisperASR/.build/benchmarks/high-quality/integrated-validation-106-translation-only-4b/metrics/md62mmdz0m/e22-standard.en.txt	Segment 158	score: 0.5840
/Users/maz/.codex/worktrees/da40/whisperASR/.build/benchmarks/high-quality/integrated-validation-106-translation-only-4b/metrics/md62mmdz0m/translategemma-4b-it-4bit.en.txt	Segment 158	score: 0.6953
/Users/maz/.codex/worktrees/da40/whisperASR/.build/benchmarks/high-quality/integrated-validation-106-translation-only-4b/metrics/md62mmdz0m/e22-standard.en.txt	Segment 159	score: 0.6250
/Users/maz/.codex/worktrees/da40/whisperASR/.build/benchmarks/high-quality/integrated-validation-106-translation-only-4b/metrics/md62mmdz0m/translategemma-4b-it-4bit.en.txt	Segment 159	score: 0.5684
/Users/maz/.codex/worktrees/da40/whisperASR/.build/benchmarks/high-quality/integrated-validation-106-translation-only-4b/metrics/md62mmdz0m/e22-standard.en.txt	Segment 160	score: 0.4983
/Users/maz/.codex/worktrees/da40/whisperASR/.build/benchmarks/high-quality/integrated-validation-106-translation-only-4b/metrics/md62mmdz0m/translategemma-4b-it-4bit.en.txt	Segment 160	score: 0.4741
/Users/maz/.codex/worktrees/da40/whisperASR/.build/benchmarks/high-quality/integrated-validation-106-translation-only-4b/metrics/md62mmdz0m/e22-standard.en.txt	Segment 161	score: 0.5840
/Users/maz/.codex/worktrees/da40/whisperASR/.build/benchmarks/high-quality/integrated-validation-106-translation-only-4b/metrics/md62mmdz0m/translategemma-4b-it-4bit.en.txt	Segment 161	score: 0.6387
/Users/maz/.codex/worktrees/da40/whisperASR/.build/benchmarks/high-quality/integrated-validation-106-translation-only-4b/metrics/md62mmdz0m/e22-standard.en.txt	Segment 162	score: 0.4983
/Users/maz/.codex/worktrees/da40/whisperASR/.build/benchmarks/high-quality/integrated-validation-106-translation-only-4b/metrics/md62mmdz0m/translategemma-4b-it-4bit.en.txt	Segment 162	score: 0.4387
/Users/maz/.codex/worktrees/da40/whisperASR/.build/benchmarks/high-quality/integrated-validation-106-translation-only-4b/metrics/md62mmdz0m/e22-standard.en.txt	Segment 163	score: 0.4714
/Users/maz/.codex/worktrees/da40/whisperASR/.build/benchmarks/high-quality/integrated-validation-106-translation-only-4b/metrics/md62mmdz0m/translategemma-4b-it-4bit.en.txt	Segment 163	score: 0.4717
/Users/maz/.codex/worktrees/da40/whisperASR/.build/benchmarks/high-quality/integrated-validation-106-translation-only-4b/metrics/md62mmdz0m/e22-standard.en.txt	Segment 164	score: 0.5283
/Users/maz/.codex/worktrees/da40/whisperASR/.build/benchmarks/high-quality/integrated-validation-106-translation-only-4b/metrics/md62mmdz0m/translategemma-4b-it-4bit.en.txt	Segment 164	score: 0.5557
/Users/maz/.codex/worktrees/da40/whisperASR/.build/benchmarks/high-quality/integrated-validation-106-translation-only-4b/metrics/md62mmdz0m/e22-standard.en.txt	Segment 165	score: 0.4932
/Users/maz/.codex/worktrees/da40/whisperASR/.build/benchmarks/high-quality/integrated-validation-106-translation-only-4b/metrics/md62mmdz0m/translategemma-4b-it-4bit.en.txt	Segment 165	score: 0.4678
/Users/maz/.codex/worktrees/da40/whisperASR/.build/benchmarks/high-quality/integrated-validation-106-translation-only-4b/metrics/md62mmdz0m/e22-standard.en.txt	Segment 166	score: 0.5415
/Users/maz/.codex/worktrees/da40/whisperASR/.build/benchmarks/high-quality/integrated-validation-106-translation-only-4b/metrics/md62mmdz0m/translategemma-4b-it-4bit.en.txt	Segment 166	score: 0.5068
/Users/maz/.codex/worktrees/da40/whisperASR/.build/benchmarks/high-quality/integrated-validation-106-translation-only-4b/metrics/md62mmdz0m/e22-standard.en.txt	Segment 167	score: 0.4792
/Users/maz/.codex/worktrees/da40/whisperASR/.build/benchmarks/high-quality/integrated-validation-106-translation-only-4b/metrics/md62mmdz0m/translategemma-4b-it-4bit.en.txt	Segment 167	score: 0.4329
/Users/maz/.codex/worktrees/da40/whisperASR/.build/benchmarks/high-quality/integrated-validation-106-translation-only-4b/metrics/md62mmdz0m/e22-standard.en.txt	Segment 168	score: 0.5098
/Users/maz/.codex/worktrees/da40/whisperASR/.build/benchmarks/high-quality/integrated-validation-106-translation-only-4b/metrics/md62mmdz0m/translategemma-4b-it-4bit.en.txt	Segment 168	score: 0.5024
/Users/maz/.codex/worktrees/da40/whisperASR/.build/benchmarks/high-quality/integrated-validation-106-translation-only-4b/metrics/md62mmdz0m/e22-standard.en.txt	Segment 169	score: 0.6001
/Users/maz/.codex/worktrees/da40/whisperASR/.build/benchmarks/high-quality/integrated-validation-106-translation-only-4b/metrics/md62mmdz0m/translategemma-4b-it-4bit.en.txt	Segment 169	score: 0.5840
/Users/maz/.codex/worktrees/da40/whisperASR/.build/benchmarks/high-quality/integrated-validation-106-translation-only-4b/metrics/md62mmdz0m/e22-standard.en.txt	Segment 170	score: 0.4397
/Users/maz/.codex/worktrees/da40/whisperASR/.build/benchmarks/high-quality/integrated-validation-106-translation-only-4b/metrics/md62mmdz0m/translategemma-4b-it-4bit.en.txt	Segment 170	score: 0.4094
/Users/maz/.codex/worktrees/da40/whisperASR/.build/benchmarks/high-quality/integrated-validation-106-translation-only-4b/metrics/md62mmdz0m/e22-standard.en.txt	Segment 171	score: 0.5396
/Users/maz/.codex/worktrees/da40/whisperASR/.build/benchmarks/high-quality/integrated-validation-106-translation-only-4b/metrics/md62mmdz0m/translategemma-4b-it-4bit.en.txt	Segment 171	score: 0.4326
/Users/maz/.codex/worktrees/da40/whisperASR/.build/benchmarks/high-quality/integrated-validation-106-translation-only-4b/metrics/md62mmdz0m/e22-standard.en.txt	Segment 172	score: 0.5884
/Users/maz/.codex/worktrees/da40/whisperASR/.build/benchmarks/high-quality/integrated-validation-106-translation-only-4b/metrics/md62mmdz0m/translategemma-4b-it-4bit.en.txt	Segment 172	score: 0.5459
/Users/maz/.codex/worktrees/da40/whisperASR/.build/benchmarks/high-quality/integrated-validation-106-translation-only-4b/metrics/md62mmdz0m/e22-standard.en.txt	Segment 173	score: 0.5122
/Users/maz/.codex/worktrees/da40/whisperASR/.build/benchmarks/high-quality/integrated-validation-106-translation-only-4b/metrics/md62mmdz0m/translategemma-4b-it-4bit.en.txt	Segment 173	score: 0.5527
/Users/maz/.codex/worktrees/da40/whisperASR/.build/benchmarks/high-quality/integrated-validation-106-translation-only-4b/metrics/md62mmdz0m/e22-standard.en.txt	Segment 174	score: 0.5786
/Users/maz/.codex/worktrees/da40/whisperASR/.build/benchmarks/high-quality/integrated-validation-106-translation-only-4b/metrics/md62mmdz0m/translategemma-4b-it-4bit.en.txt	Segment 174	score: 0.6299
/Users/maz/.codex/worktrees/da40/whisperASR/.build/benchmarks/high-quality/integrated-validation-106-translation-only-4b/metrics/md62mmdz0m/e22-standard.en.txt	Segment 175	score: 0.5161
/Users/maz/.codex/worktrees/da40/whisperASR/.build/benchmarks/high-quality/integrated-validation-106-translation-only-4b/metrics/md62mmdz0m/translategemma-4b-it-4bit.en.txt	Segment 175	score: 0.5464
/Users/maz/.codex/worktrees/da40/whisperASR/.build/benchmarks/high-quality/integrated-validation-106-translation-only-4b/metrics/md62mmdz0m/e22-standard.en.txt	Segment 176	score: 0.5928
/Users/maz/.codex/worktrees/da40/whisperASR/.build/benchmarks/high-quality/integrated-validation-106-translation-only-4b/metrics/md62mmdz0m/translategemma-4b-it-4bit.en.txt	Segment 176	score: 0.5273
/Users/maz/.codex/worktrees/da40/whisperASR/.build/benchmarks/high-quality/integrated-validation-106-translation-only-4b/metrics/md62mmdz0m/e22-standard.en.txt	Segment 177	score: 0.4880
/Users/maz/.codex/worktrees/da40/whisperASR/.build/benchmarks/high-quality/integrated-validation-106-translation-only-4b/metrics/md62mmdz0m/translategemma-4b-it-4bit.en.txt	Segment 177	score: 0.4465
/Users/maz/.codex/worktrees/da40/whisperASR/.build/benchmarks/high-quality/integrated-validation-106-translation-only-4b/metrics/md62mmdz0m/e22-standard.en.txt	Segment 178	score: 0.5757
/Users/maz/.codex/worktrees/da40/whisperASR/.build/benchmarks/high-quality/integrated-validation-106-translation-only-4b/metrics/md62mmdz0m/translategemma-4b-it-4bit.en.txt	Segment 178	score: 0.6470
/Users/maz/.codex/worktrees/da40/whisperASR/.build/benchmarks/high-quality/integrated-validation-106-translation-only-4b/metrics/md62mmdz0m/e22-standard.en.txt	Segment 179	score: 0.5229
/Users/maz/.codex/worktrees/da40/whisperASR/.build/benchmarks/high-quality/integrated-validation-106-translation-only-4b/metrics/md62mmdz0m/translategemma-4b-it-4bit.en.txt	Segment 179	score: 0.5874
/Users/maz/.codex/worktrees/da40/whisperASR/.build/benchmarks/high-quality/integrated-validation-106-translation-only-4b/metrics/md62mmdz0m/e22-standard.en.txt	Segment 180	score: 0.6304
/Users/maz/.codex/worktrees/da40/whisperASR/.build/benchmarks/high-quality/integrated-validation-106-translation-only-4b/metrics/md62mmdz0m/translategemma-4b-it-4bit.en.txt	Segment 180	score: 0.5649
/Users/maz/.codex/worktrees/da40/whisperASR/.build/benchmarks/high-quality/integrated-validation-106-translation-only-4b/metrics/md62mmdz0m/e22-standard.en.txt	Segment 181	score: 0.6172
/Users/maz/.codex/worktrees/da40/whisperASR/.build/benchmarks/high-quality/integrated-validation-106-translation-only-4b/metrics/md62mmdz0m/translategemma-4b-it-4bit.en.txt	Segment 181	score: 0.5093
/Users/maz/.codex/worktrees/da40/whisperASR/.build/benchmarks/high-quality/integrated-validation-106-translation-only-4b/metrics/md62mmdz0m/e22-standard.en.txt	Segment 182	score: 0.9448
/Users/maz/.codex/worktrees/da40/whisperASR/.build/benchmarks/high-quality/integrated-validation-106-translation-only-4b/metrics/md62mmdz0m/translategemma-4b-it-4bit.en.txt	Segment 182	score: 0.9858
/Users/maz/.codex/worktrees/da40/whisperASR/.build/benchmarks/high-quality/integrated-validation-106-translation-only-4b/metrics/md62mmdz0m/e22-standard.en.txt	Segment 183	score: 0.5112
/Users/maz/.codex/worktrees/da40/whisperASR/.build/benchmarks/high-quality/integrated-validation-106-translation-only-4b/metrics/md62mmdz0m/translategemma-4b-it-4bit.en.txt	Segment 183	score: 0.5225
/Users/maz/.codex/worktrees/da40/whisperASR/.build/benchmarks/high-quality/integrated-validation-106-translation-only-4b/metrics/md62mmdz0m/e22-standard.en.txt	Segment 184	score: 0.8389
/Users/maz/.codex/worktrees/da40/whisperASR/.build/benchmarks/high-quality/integrated-validation-106-translation-only-4b/metrics/md62mmdz0m/translategemma-4b-it-4bit.en.txt	Segment 184	score: 0.8320
/Users/maz/.codex/worktrees/da40/whisperASR/.build/benchmarks/high-quality/integrated-validation-106-translation-only-4b/metrics/md62mmdz0m/e22-standard.en.txt	Segment 185	score: 0.6562
/Users/maz/.codex/worktrees/da40/whisperASR/.build/benchmarks/high-quality/integrated-validation-106-translation-only-4b/metrics/md62mmdz0m/translategemma-4b-it-4bit.en.txt	Segment 185	score: 0.5762
/Users/maz/.codex/worktrees/da40/whisperASR/.build/benchmarks/high-quality/integrated-validation-106-translation-only-4b/metrics/md62mmdz0m/e22-standard.en.txt	Segment 186	score: 0.5913
/Users/maz/.codex/worktrees/da40/whisperASR/.build/benchmarks/high-quality/integrated-validation-106-translation-only-4b/metrics/md62mmdz0m/translategemma-4b-it-4bit.en.txt	Segment 186	score: 0.4812
/Users/maz/.codex/worktrees/da40/whisperASR/.build/benchmarks/high-quality/integrated-validation-106-translation-only-4b/metrics/md62mmdz0m/e22-standard.en.txt	Segment 187	score: 0.6875
/Users/maz/.codex/worktrees/da40/whisperASR/.build/benchmarks/high-quality/integrated-validation-106-translation-only-4b/metrics/md62mmdz0m/translategemma-4b-it-4bit.en.txt	Segment 187	score: 0.6450
/Users/maz/.codex/worktrees/da40/whisperASR/.build/benchmarks/high-quality/integrated-validation-106-translation-only-4b/metrics/md62mmdz0m/e22-standard.en.txt	Segment 188	score: 0.6978
/Users/maz/.codex/worktrees/da40/whisperASR/.build/benchmarks/high-quality/integrated-validation-106-translation-only-4b/metrics/md62mmdz0m/translategemma-4b-it-4bit.en.txt	Segment 188	score: 0.5786
/Users/maz/.codex/worktrees/da40/whisperASR/.build/benchmarks/high-quality/integrated-validation-106-translation-only-4b/metrics/md62mmdz0m/e22-standard.en.txt	Segment 189	score: 0.6387
/Users/maz/.codex/worktrees/da40/whisperASR/.build/benchmarks/high-quality/integrated-validation-106-translation-only-4b/metrics/md62mmdz0m/translategemma-4b-it-4bit.en.txt	Segment 189	score: 0.5825
/Users/maz/.codex/worktrees/da40/whisperASR/.build/benchmarks/high-quality/integrated-validation-106-translation-only-4b/metrics/md62mmdz0m/e22-standard.en.txt	Segment 190	score: 0.4387
/Users/maz/.codex/worktrees/da40/whisperASR/.build/benchmarks/high-quality/integrated-validation-106-translation-only-4b/metrics/md62mmdz0m/translategemma-4b-it-4bit.en.txt	Segment 190	score: 0.4531
/Users/maz/.codex/worktrees/da40/whisperASR/.build/benchmarks/high-quality/integrated-validation-106-translation-only-4b/metrics/md62mmdz0m/e22-standard.en.txt	Segment 191	score: 0.8101
/Users/maz/.codex/worktrees/da40/whisperASR/.build/benchmarks/high-quality/integrated-validation-106-translation-only-4b/metrics/md62mmdz0m/translategemma-4b-it-4bit.en.txt	Segment 191	score: 0.6714
/Users/maz/.codex/worktrees/da40/whisperASR/.build/benchmarks/high-quality/integrated-validation-106-translation-only-4b/metrics/md62mmdz0m/e22-standard.en.txt	Segment 192	score: 0.7339
/Users/maz/.codex/worktrees/da40/whisperASR/.build/benchmarks/high-quality/integrated-validation-106-translation-only-4b/metrics/md62mmdz0m/translategemma-4b-it-4bit.en.txt	Segment 192	score: 0.5122
/Users/maz/.codex/worktrees/da40/whisperASR/.build/benchmarks/high-quality/integrated-validation-106-translation-only-4b/metrics/md62mmdz0m/e22-standard.en.txt	Segment 193	score: 0.5708
/Users/maz/.codex/worktrees/da40/whisperASR/.build/benchmarks/high-quality/integrated-validation-106-translation-only-4b/metrics/md62mmdz0m/translategemma-4b-it-4bit.en.txt	Segment 193	score: 0.6816
/Users/maz/.codex/worktrees/da40/whisperASR/.build/benchmarks/high-quality/integrated-validation-106-translation-only-4b/metrics/md62mmdz0m/e22-standard.en.txt	Segment 194	score: 0.7920
/Users/maz/.codex/worktrees/da40/whisperASR/.build/benchmarks/high-quality/integrated-validation-106-translation-only-4b/metrics/md62mmdz0m/translategemma-4b-it-4bit.en.txt	Segment 194	score: 0.8496
/Users/maz/.codex/worktrees/da40/whisperASR/.build/benchmarks/high-quality/integrated-validation-106-translation-only-4b/metrics/md62mmdz0m/e22-standard.en.txt	Segment 195	score: 0.6040
/Users/maz/.codex/worktrees/da40/whisperASR/.build/benchmarks/high-quality/integrated-validation-106-translation-only-4b/metrics/md62mmdz0m/translategemma-4b-it-4bit.en.txt	Segment 195	score: 0.5669
/Users/maz/.codex/worktrees/da40/whisperASR/.build/benchmarks/high-quality/integrated-validation-106-translation-only-4b/metrics/md62mmdz0m/e22-standard.en.txt	Segment 196	score: 0.6279
/Users/maz/.codex/worktrees/da40/whisperASR/.build/benchmarks/high-quality/integrated-validation-106-translation-only-4b/metrics/md62mmdz0m/translategemma-4b-it-4bit.en.txt	Segment 196	score: 0.5181
/Users/maz/.codex/worktrees/da40/whisperASR/.build/benchmarks/high-quality/integrated-validation-106-translation-only-4b/metrics/md62mmdz0m/e22-standard.en.txt	Segment 197	score: 0.5894
/Users/maz/.codex/worktrees/da40/whisperASR/.build/benchmarks/high-quality/integrated-validation-106-translation-only-4b/metrics/md62mmdz0m/translategemma-4b-it-4bit.en.txt	Segment 197	score: 0.5791
/Users/maz/.codex/worktrees/da40/whisperASR/.build/benchmarks/high-quality/integrated-validation-106-translation-only-4b/metrics/md62mmdz0m/e22-standard.en.txt	Segment 198	score: 0.8882
/Users/maz/.codex/worktrees/da40/whisperASR/.build/benchmarks/high-quality/integrated-validation-106-translation-only-4b/metrics/md62mmdz0m/translategemma-4b-it-4bit.en.txt	Segment 198	score: 0.8550
/Users/maz/.codex/worktrees/da40/whisperASR/.build/benchmarks/high-quality/integrated-validation-106-translation-only-4b/metrics/md62mmdz0m/e22-standard.en.txt	Segment 199	score: 0.7690
/Users/maz/.codex/worktrees/da40/whisperASR/.build/benchmarks/high-quality/integrated-validation-106-translation-only-4b/metrics/md62mmdz0m/translategemma-4b-it-4bit.en.txt	Segment 199	score: 0.8418
/Users/maz/.codex/worktrees/da40/whisperASR/.build/benchmarks/high-quality/integrated-validation-106-translation-only-4b/metrics/md62mmdz0m/e22-standard.en.txt	Segment 200	score: 0.8027
/Users/maz/.codex/worktrees/da40/whisperASR/.build/benchmarks/high-quality/integrated-validation-106-translation-only-4b/metrics/md62mmdz0m/translategemma-4b-it-4bit.en.txt	Segment 200	score: 0.7725
/Users/maz/.codex/worktrees/da40/whisperASR/.build/benchmarks/high-quality/integrated-validation-106-translation-only-4b/metrics/md62mmdz0m/e22-standard.en.txt	Segment 201	score: 0.3550
/Users/maz/.codex/worktrees/da40/whisperASR/.build/benchmarks/high-quality/integrated-validation-106-translation-only-4b/metrics/md62mmdz0m/translategemma-4b-it-4bit.en.txt	Segment 201	score: 0.3550
/Users/maz/.codex/worktrees/da40/whisperASR/.build/benchmarks/high-quality/integrated-validation-106-translation-only-4b/metrics/md62mmdz0m/e22-standard.en.txt	Segment 202	score: 0.5439
/Users/maz/.codex/worktrees/da40/whisperASR/.build/benchmarks/high-quality/integrated-validation-106-translation-only-4b/metrics/md62mmdz0m/translategemma-4b-it-4bit.en.txt	Segment 202	score: 0.5771
/Users/maz/.codex/worktrees/da40/whisperASR/.build/benchmarks/high-quality/integrated-validation-106-translation-only-4b/metrics/md62mmdz0m/e22-standard.en.txt	Segment 203	score: 0.5146
/Users/maz/.codex/worktrees/da40/whisperASR/.build/benchmarks/high-quality/integrated-validation-106-translation-only-4b/metrics/md62mmdz0m/translategemma-4b-it-4bit.en.txt	Segment 203	score: 0.3318
/Users/maz/.codex/worktrees/da40/whisperASR/.build/benchmarks/high-quality/integrated-validation-106-translation-only-4b/metrics/md62mmdz0m/e22-standard.en.txt	Segment 204	score: 0.6274
/Users/maz/.codex/worktrees/da40/whisperASR/.build/benchmarks/high-quality/integrated-validation-106-translation-only-4b/metrics/md62mmdz0m/translategemma-4b-it-4bit.en.txt	Segment 204	score: 0.6338
/Users/maz/.codex/worktrees/da40/whisperASR/.build/benchmarks/high-quality/integrated-validation-106-translation-only-4b/metrics/md62mmdz0m/e22-standard.en.txt	Segment 205	score: 0.4690
/Users/maz/.codex/worktrees/da40/whisperASR/.build/benchmarks/high-quality/integrated-validation-106-translation-only-4b/metrics/md62mmdz0m/translategemma-4b-it-4bit.en.txt	Segment 205	score: 0.5107
/Users/maz/.codex/worktrees/da40/whisperASR/.build/benchmarks/high-quality/integrated-validation-106-translation-only-4b/metrics/md62mmdz0m/e22-standard.en.txt	Segment 206	score: 0.5723
/Users/maz/.codex/worktrees/da40/whisperASR/.build/benchmarks/high-quality/integrated-validation-106-translation-only-4b/metrics/md62mmdz0m/translategemma-4b-it-4bit.en.txt	Segment 206	score: 0.3867
/Users/maz/.codex/worktrees/da40/whisperASR/.build/benchmarks/high-quality/integrated-validation-106-translation-only-4b/metrics/md62mmdz0m/e22-standard.en.txt	Segment 207	score: 0.5049
/Users/maz/.codex/worktrees/da40/whisperASR/.build/benchmarks/high-quality/integrated-validation-106-translation-only-4b/metrics/md62mmdz0m/translategemma-4b-it-4bit.en.txt	Segment 207	score: 0.5615
/Users/maz/.codex/worktrees/da40/whisperASR/.build/benchmarks/high-quality/integrated-validation-106-translation-only-4b/metrics/md62mmdz0m/e22-standard.en.txt	Segment 208	score: 0.5039
/Users/maz/.codex/worktrees/da40/whisperASR/.build/benchmarks/high-quality/integrated-validation-106-translation-only-4b/metrics/md62mmdz0m/translategemma-4b-it-4bit.en.txt	Segment 208	score: 0.5791
/Users/maz/.codex/worktrees/da40/whisperASR/.build/benchmarks/high-quality/integrated-validation-106-translation-only-4b/metrics/md62mmdz0m/e22-standard.en.txt	Segment 209	score: 0.6553
/Users/maz/.codex/worktrees/da40/whisperASR/.build/benchmarks/high-quality/integrated-validation-106-translation-only-4b/metrics/md62mmdz0m/translategemma-4b-it-4bit.en.txt	Segment 209	score: 0.4849
/Users/maz/.codex/worktrees/da40/whisperASR/.build/benchmarks/high-quality/integrated-validation-106-translation-only-4b/metrics/md62mmdz0m/e22-standard.en.txt	Segment 210	score: 0.9155
/Users/maz/.codex/worktrees/da40/whisperASR/.build/benchmarks/high-quality/integrated-validation-106-translation-only-4b/metrics/md62mmdz0m/translategemma-4b-it-4bit.en.txt	Segment 210	score: 0.8687
/Users/maz/.codex/worktrees/da40/whisperASR/.build/benchmarks/high-quality/integrated-validation-106-translation-only-4b/metrics/md62mmdz0m/e22-standard.en.txt	Segment 211	score: 0.4883
/Users/maz/.codex/worktrees/da40/whisperASR/.build/benchmarks/high-quality/integrated-validation-106-translation-only-4b/metrics/md62mmdz0m/translategemma-4b-it-4bit.en.txt	Segment 211	score: 0.4810
/Users/maz/.codex/worktrees/da40/whisperASR/.build/benchmarks/high-quality/integrated-validation-106-translation-only-4b/metrics/md62mmdz0m/e22-standard.en.txt	Segment 212	score: 0.4819
/Users/maz/.codex/worktrees/da40/whisperASR/.build/benchmarks/high-quality/integrated-validation-106-translation-only-4b/metrics/md62mmdz0m/translategemma-4b-it-4bit.en.txt	Segment 212	score: 0.5962
/Users/maz/.codex/worktrees/da40/whisperASR/.build/benchmarks/high-quality/integrated-validation-106-translation-only-4b/metrics/md62mmdz0m/e22-standard.en.txt	Segment 213	score: 0.5767
/Users/maz/.codex/worktrees/da40/whisperASR/.build/benchmarks/high-quality/integrated-validation-106-translation-only-4b/metrics/md62mmdz0m/translategemma-4b-it-4bit.en.txt	Segment 213	score: 0.7505
/Users/maz/.codex/worktrees/da40/whisperASR/.build/benchmarks/high-quality/integrated-validation-106-translation-only-4b/metrics/md62mmdz0m/e22-standard.en.txt	Segment 214	score: 0.3704
/Users/maz/.codex/worktrees/da40/whisperASR/.build/benchmarks/high-quality/integrated-validation-106-translation-only-4b/metrics/md62mmdz0m/translategemma-4b-it-4bit.en.txt	Segment 214	score: 0.4500
/Users/maz/.codex/worktrees/da40/whisperASR/.build/benchmarks/high-quality/integrated-validation-106-translation-only-4b/metrics/md62mmdz0m/e22-standard.en.txt	Segment 215	score: 0.6758
/Users/maz/.codex/worktrees/da40/whisperASR/.build/benchmarks/high-quality/integrated-validation-106-translation-only-4b/metrics/md62mmdz0m/translategemma-4b-it-4bit.en.txt	Segment 215	score: 0.7153
/Users/maz/.codex/worktrees/da40/whisperASR/.build/benchmarks/high-quality/integrated-validation-106-translation-only-4b/metrics/md62mmdz0m/e22-standard.en.txt	Segment 216	score: 0.5723
/Users/maz/.codex/worktrees/da40/whisperASR/.build/benchmarks/high-quality/integrated-validation-106-translation-only-4b/metrics/md62mmdz0m/translategemma-4b-it-4bit.en.txt	Segment 216	score: 0.4700
/Users/maz/.codex/worktrees/da40/whisperASR/.build/benchmarks/high-quality/integrated-validation-106-translation-only-4b/metrics/md62mmdz0m/e22-standard.en.txt	Segment 217	score: 0.5386
/Users/maz/.codex/worktrees/da40/whisperASR/.build/benchmarks/high-quality/integrated-validation-106-translation-only-4b/metrics/md62mmdz0m/translategemma-4b-it-4bit.en.txt	Segment 217	score: 0.4922
/Users/maz/.codex/worktrees/da40/whisperASR/.build/benchmarks/high-quality/integrated-validation-106-translation-only-4b/metrics/md62mmdz0m/e22-standard.en.txt	Segment 218	score: 0.4207
/Users/maz/.codex/worktrees/da40/whisperASR/.build/benchmarks/high-quality/integrated-validation-106-translation-only-4b/metrics/md62mmdz0m/translategemma-4b-it-4bit.en.txt	Segment 218	score: 0.4233
/Users/maz/.codex/worktrees/da40/whisperASR/.build/benchmarks/high-quality/integrated-validation-106-translation-only-4b/metrics/md62mmdz0m/e22-standard.en.txt	Segment 219	score: 0.3635
/Users/maz/.codex/worktrees/da40/whisperASR/.build/benchmarks/high-quality/integrated-validation-106-translation-only-4b/metrics/md62mmdz0m/translategemma-4b-it-4bit.en.txt	Segment 219	score: 0.3916
/Users/maz/.codex/worktrees/da40/whisperASR/.build/benchmarks/high-quality/integrated-validation-106-translation-only-4b/metrics/md62mmdz0m/e22-standard.en.txt	Segment 220	score: 0.6167
/Users/maz/.codex/worktrees/da40/whisperASR/.build/benchmarks/high-quality/integrated-validation-106-translation-only-4b/metrics/md62mmdz0m/translategemma-4b-it-4bit.en.txt	Segment 220	score: 0.5278
/Users/maz/.codex/worktrees/da40/whisperASR/.build/benchmarks/high-quality/integrated-validation-106-translation-only-4b/metrics/md62mmdz0m/e22-standard.en.txt	Segment 221	score: 0.8457
/Users/maz/.codex/worktrees/da40/whisperASR/.build/benchmarks/high-quality/integrated-validation-106-translation-only-4b/metrics/md62mmdz0m/translategemma-4b-it-4bit.en.txt	Segment 221	score: 0.6479
/Users/maz/.codex/worktrees/da40/whisperASR/.build/benchmarks/high-quality/integrated-validation-106-translation-only-4b/metrics/md62mmdz0m/e22-standard.en.txt	Segment 222	score: 0.7100
/Users/maz/.codex/worktrees/da40/whisperASR/.build/benchmarks/high-quality/integrated-validation-106-translation-only-4b/metrics/md62mmdz0m/translategemma-4b-it-4bit.en.txt	Segment 222	score: 0.6670
/Users/maz/.codex/worktrees/da40/whisperASR/.build/benchmarks/high-quality/integrated-validation-106-translation-only-4b/metrics/md62mmdz0m/e22-standard.en.txt	Segment 223	score: 0.4675
/Users/maz/.codex/worktrees/da40/whisperASR/.build/benchmarks/high-quality/integrated-validation-106-translation-only-4b/metrics/md62mmdz0m/translategemma-4b-it-4bit.en.txt	Segment 223	score: 0.5371
/Users/maz/.codex/worktrees/da40/whisperASR/.build/benchmarks/high-quality/integrated-validation-106-translation-only-4b/metrics/md62mmdz0m/e22-standard.en.txt	Segment 224	score: 0.7144
/Users/maz/.codex/worktrees/da40/whisperASR/.build/benchmarks/high-quality/integrated-validation-106-translation-only-4b/metrics/md62mmdz0m/translategemma-4b-it-4bit.en.txt	Segment 224	score: 0.6621
/Users/maz/.codex/worktrees/da40/whisperASR/.build/benchmarks/high-quality/integrated-validation-106-translation-only-4b/metrics/md62mmdz0m/e22-standard.en.txt	Segment 225	score: 0.7041
/Users/maz/.codex/worktrees/da40/whisperASR/.build/benchmarks/high-quality/integrated-validation-106-translation-only-4b/metrics/md62mmdz0m/translategemma-4b-it-4bit.en.txt	Segment 225	score: 0.6763
/Users/maz/.codex/worktrees/da40/whisperASR/.build/benchmarks/high-quality/integrated-validation-106-translation-only-4b/metrics/md62mmdz0m/e22-standard.en.txt	Segment 226	score: 0.7969
/Users/maz/.codex/worktrees/da40/whisperASR/.build/benchmarks/high-quality/integrated-validation-106-translation-only-4b/metrics/md62mmdz0m/translategemma-4b-it-4bit.en.txt	Segment 226	score: 0.7891
/Users/maz/.codex/worktrees/da40/whisperASR/.build/benchmarks/high-quality/integrated-validation-106-translation-only-4b/metrics/md62mmdz0m/e22-standard.en.txt	Segment 227	score: 0.7168
/Users/maz/.codex/worktrees/da40/whisperASR/.build/benchmarks/high-quality/integrated-validation-106-translation-only-4b/metrics/md62mmdz0m/translategemma-4b-it-4bit.en.txt	Segment 227	score: 0.5654
/Users/maz/.codex/worktrees/da40/whisperASR/.build/benchmarks/high-quality/integrated-validation-106-translation-only-4b/metrics/md62mmdz0m/e22-standard.en.txt	Segment 228	score: 0.5679
/Users/maz/.codex/worktrees/da40/whisperASR/.build/benchmarks/high-quality/integrated-validation-106-translation-only-4b/metrics/md62mmdz0m/translategemma-4b-it-4bit.en.txt	Segment 228	score: 0.4368
/Users/maz/.codex/worktrees/da40/whisperASR/.build/benchmarks/high-quality/integrated-validation-106-translation-only-4b/metrics/md62mmdz0m/e22-standard.en.txt	Segment 229	score: 0.5981
/Users/maz/.codex/worktrees/da40/whisperASR/.build/benchmarks/high-quality/integrated-validation-106-translation-only-4b/metrics/md62mmdz0m/translategemma-4b-it-4bit.en.txt	Segment 229	score: 0.4297
/Users/maz/.codex/worktrees/da40/whisperASR/.build/benchmarks/high-quality/integrated-validation-106-translation-only-4b/metrics/md62mmdz0m/e22-standard.en.txt	Segment 230	score: 0.6113
/Users/maz/.codex/worktrees/da40/whisperASR/.build/benchmarks/high-quality/integrated-validation-106-translation-only-4b/metrics/md62mmdz0m/translategemma-4b-it-4bit.en.txt	Segment 230	score: 0.5181
/Users/maz/.codex/worktrees/da40/whisperASR/.build/benchmarks/high-quality/integrated-validation-106-translation-only-4b/metrics/md62mmdz0m/e22-standard.en.txt	Segment 231	score: 0.5615
/Users/maz/.codex/worktrees/da40/whisperASR/.build/benchmarks/high-quality/integrated-validation-106-translation-only-4b/metrics/md62mmdz0m/translategemma-4b-it-4bit.en.txt	Segment 231	score: 0.5928
/Users/maz/.codex/worktrees/da40/whisperASR/.build/benchmarks/high-quality/integrated-validation-106-translation-only-4b/metrics/md62mmdz0m/e22-standard.en.txt	Segment 232	score: 0.4941
/Users/maz/.codex/worktrees/da40/whisperASR/.build/benchmarks/high-quality/integrated-validation-106-translation-only-4b/metrics/md62mmdz0m/translategemma-4b-it-4bit.en.txt	Segment 232	score: 0.5112
/Users/maz/.codex/worktrees/da40/whisperASR/.build/benchmarks/high-quality/integrated-validation-106-translation-only-4b/metrics/md62mmdz0m/e22-standard.en.txt	Segment 233	score: 0.6509
/Users/maz/.codex/worktrees/da40/whisperASR/.build/benchmarks/high-quality/integrated-validation-106-translation-only-4b/metrics/md62mmdz0m/translategemma-4b-it-4bit.en.txt	Segment 233	score: 0.6226
/Users/maz/.codex/worktrees/da40/whisperASR/.build/benchmarks/high-quality/integrated-validation-106-translation-only-4b/metrics/md62mmdz0m/e22-standard.en.txt	Segment 234	score: 0.5864
/Users/maz/.codex/worktrees/da40/whisperASR/.build/benchmarks/high-quality/integrated-validation-106-translation-only-4b/metrics/md62mmdz0m/translategemma-4b-it-4bit.en.txt	Segment 234	score: 0.5605
/Users/maz/.codex/worktrees/da40/whisperASR/.build/benchmarks/high-quality/integrated-validation-106-translation-only-4b/metrics/md62mmdz0m/e22-standard.en.txt	Segment 235	score: 0.4863
/Users/maz/.codex/worktrees/da40/whisperASR/.build/benchmarks/high-quality/integrated-validation-106-translation-only-4b/metrics/md62mmdz0m/translategemma-4b-it-4bit.en.txt	Segment 235	score: 0.4939
/Users/maz/.codex/worktrees/da40/whisperASR/.build/benchmarks/high-quality/integrated-validation-106-translation-only-4b/metrics/md62mmdz0m/e22-standard.en.txt	Segment 236	score: 0.5146
/Users/maz/.codex/worktrees/da40/whisperASR/.build/benchmarks/high-quality/integrated-validation-106-translation-only-4b/metrics/md62mmdz0m/translategemma-4b-it-4bit.en.txt	Segment 236	score: 0.4211
/Users/maz/.codex/worktrees/da40/whisperASR/.build/benchmarks/high-quality/integrated-validation-106-translation-only-4b/metrics/md62mmdz0m/e22-standard.en.txt	Segment 237	score: 0.6812
/Users/maz/.codex/worktrees/da40/whisperASR/.build/benchmarks/high-quality/integrated-validation-106-translation-only-4b/metrics/md62mmdz0m/translategemma-4b-it-4bit.en.txt	Segment 237	score: 0.6011
/Users/maz/.codex/worktrees/da40/whisperASR/.build/benchmarks/high-quality/integrated-validation-106-translation-only-4b/metrics/md62mmdz0m/e22-standard.en.txt	Segment 238	score: 0.5640
/Users/maz/.codex/worktrees/da40/whisperASR/.build/benchmarks/high-quality/integrated-validation-106-translation-only-4b/metrics/md62mmdz0m/translategemma-4b-it-4bit.en.txt	Segment 238	score: 0.5161
/Users/maz/.codex/worktrees/da40/whisperASR/.build/benchmarks/high-quality/integrated-validation-106-translation-only-4b/metrics/md62mmdz0m/e22-standard.en.txt	Segment 239	score: 0.5957
/Users/maz/.codex/worktrees/da40/whisperASR/.build/benchmarks/high-quality/integrated-validation-106-translation-only-4b/metrics/md62mmdz0m/translategemma-4b-it-4bit.en.txt	Segment 239	score: 0.6187
/Users/maz/.codex/worktrees/da40/whisperASR/.build/benchmarks/high-quality/integrated-validation-106-translation-only-4b/metrics/md62mmdz0m/e22-standard.en.txt	Segment 240	score: 0.6216
/Users/maz/.codex/worktrees/da40/whisperASR/.build/benchmarks/high-quality/integrated-validation-106-translation-only-4b/metrics/md62mmdz0m/translategemma-4b-it-4bit.en.txt	Segment 240	score: 0.5522
/Users/maz/.codex/worktrees/da40/whisperASR/.build/benchmarks/high-quality/integrated-validation-106-translation-only-4b/metrics/md62mmdz0m/e22-standard.en.txt	Segment 241	score: 0.7129
/Users/maz/.codex/worktrees/da40/whisperASR/.build/benchmarks/high-quality/integrated-validation-106-translation-only-4b/metrics/md62mmdz0m/translategemma-4b-it-4bit.en.txt	Segment 241	score: 0.7256
/Users/maz/.codex/worktrees/da40/whisperASR/.build/benchmarks/high-quality/integrated-validation-106-translation-only-4b/metrics/md62mmdz0m/e22-standard.en.txt	Segment 242	score: 0.3997
/Users/maz/.codex/worktrees/da40/whisperASR/.build/benchmarks/high-quality/integrated-validation-106-translation-only-4b/metrics/md62mmdz0m/translategemma-4b-it-4bit.en.txt	Segment 242	score: 0.4321
/Users/maz/.codex/worktrees/da40/whisperASR/.build/benchmarks/high-quality/integrated-validation-106-translation-only-4b/metrics/md62mmdz0m/e22-standard.en.txt	Segment 243	score: 0.5015
/Users/maz/.codex/worktrees/da40/whisperASR/.build/benchmarks/high-quality/integrated-validation-106-translation-only-4b/metrics/md62mmdz0m/translategemma-4b-it-4bit.en.txt	Segment 243	score: 0.5117
/Users/maz/.codex/worktrees/da40/whisperASR/.build/benchmarks/high-quality/integrated-validation-106-translation-only-4b/metrics/md62mmdz0m/e22-standard.en.txt	Segment 244	score: 0.5386
/Users/maz/.codex/worktrees/da40/whisperASR/.build/benchmarks/high-quality/integrated-validation-106-translation-only-4b/metrics/md62mmdz0m/translategemma-4b-it-4bit.en.txt	Segment 244	score: 0.5430
/Users/maz/.codex/worktrees/da40/whisperASR/.build/benchmarks/high-quality/integrated-validation-106-translation-only-4b/metrics/md62mmdz0m/e22-standard.en.txt	Segment 245	score: 0.4714
/Users/maz/.codex/worktrees/da40/whisperASR/.build/benchmarks/high-quality/integrated-validation-106-translation-only-4b/metrics/md62mmdz0m/translategemma-4b-it-4bit.en.txt	Segment 245	score: 0.5410
/Users/maz/.codex/worktrees/da40/whisperASR/.build/benchmarks/high-quality/integrated-validation-106-translation-only-4b/metrics/md62mmdz0m/e22-standard.en.txt	Segment 246	score: 0.6123
/Users/maz/.codex/worktrees/da40/whisperASR/.build/benchmarks/high-quality/integrated-validation-106-translation-only-4b/metrics/md62mmdz0m/translategemma-4b-it-4bit.en.txt	Segment 246	score: 0.4919
/Users/maz/.codex/worktrees/da40/whisperASR/.build/benchmarks/high-quality/integrated-validation-106-translation-only-4b/metrics/md62mmdz0m/e22-standard.en.txt	Segment 247	score: 0.6162
/Users/maz/.codex/worktrees/da40/whisperASR/.build/benchmarks/high-quality/integrated-validation-106-translation-only-4b/metrics/md62mmdz0m/translategemma-4b-it-4bit.en.txt	Segment 247	score: 0.4917
/Users/maz/.codex/worktrees/da40/whisperASR/.build/benchmarks/high-quality/integrated-validation-106-translation-only-4b/metrics/md62mmdz0m/e22-standard.en.txt	Segment 248	score: 0.4592
/Users/maz/.codex/worktrees/da40/whisperASR/.build/benchmarks/high-quality/integrated-validation-106-translation-only-4b/metrics/md62mmdz0m/translategemma-4b-it-4bit.en.txt	Segment 248	score: 0.4485
/Users/maz/.codex/worktrees/da40/whisperASR/.build/benchmarks/high-quality/integrated-validation-106-translation-only-4b/metrics/md62mmdz0m/e22-standard.en.txt	Segment 249	score: 0.4600
/Users/maz/.codex/worktrees/da40/whisperASR/.build/benchmarks/high-quality/integrated-validation-106-translation-only-4b/metrics/md62mmdz0m/translategemma-4b-it-4bit.en.txt	Segment 249	score: 0.4524
/Users/maz/.codex/worktrees/da40/whisperASR/.build/benchmarks/high-quality/integrated-validation-106-translation-only-4b/metrics/md62mmdz0m/e22-standard.en.txt	Segment 250	score: 0.6382
/Users/maz/.codex/worktrees/da40/whisperASR/.build/benchmarks/high-quality/integrated-validation-106-translation-only-4b/metrics/md62mmdz0m/translategemma-4b-it-4bit.en.txt	Segment 250	score: 0.5781
/Users/maz/.codex/worktrees/da40/whisperASR/.build/benchmarks/high-quality/integrated-validation-106-translation-only-4b/metrics/md62mmdz0m/e22-standard.en.txt	Segment 251	score: 0.7407
/Users/maz/.codex/worktrees/da40/whisperASR/.build/benchmarks/high-quality/integrated-validation-106-translation-only-4b/metrics/md62mmdz0m/translategemma-4b-it-4bit.en.txt	Segment 251	score: 0.7495
/Users/maz/.codex/worktrees/da40/whisperASR/.build/benchmarks/high-quality/integrated-validation-106-translation-only-4b/metrics/md62mmdz0m/e22-standard.en.txt	Segment 252	score: 0.7144
/Users/maz/.codex/worktrees/da40/whisperASR/.build/benchmarks/high-quality/integrated-validation-106-translation-only-4b/metrics/md62mmdz0m/translategemma-4b-it-4bit.en.txt	Segment 252	score: 0.6807
/Users/maz/.codex/worktrees/da40/whisperASR/.build/benchmarks/high-quality/integrated-validation-106-translation-only-4b/metrics/md62mmdz0m/e22-standard.en.txt	Segment 253	score: 0.5317
/Users/maz/.codex/worktrees/da40/whisperASR/.build/benchmarks/high-quality/integrated-validation-106-translation-only-4b/metrics/md62mmdz0m/translategemma-4b-it-4bit.en.txt	Segment 253	score: 0.5786
/Users/maz/.codex/worktrees/da40/whisperASR/.build/benchmarks/high-quality/integrated-validation-106-translation-only-4b/metrics/md62mmdz0m/e22-standard.en.txt	Segment 254	score: 0.7651
/Users/maz/.codex/worktrees/da40/whisperASR/.build/benchmarks/high-quality/integrated-validation-106-translation-only-4b/metrics/md62mmdz0m/translategemma-4b-it-4bit.en.txt	Segment 254	score: 0.6533
/Users/maz/.codex/worktrees/da40/whisperASR/.build/benchmarks/high-quality/integrated-validation-106-translation-only-4b/metrics/md62mmdz0m/e22-standard.en.txt	Segment 255	score: 0.5610
/Users/maz/.codex/worktrees/da40/whisperASR/.build/benchmarks/high-quality/integrated-validation-106-translation-only-4b/metrics/md62mmdz0m/translategemma-4b-it-4bit.en.txt	Segment 255	score: 0.5859
/Users/maz/.codex/worktrees/da40/whisperASR/.build/benchmarks/high-quality/integrated-validation-106-translation-only-4b/metrics/md62mmdz0m/e22-standard.en.txt	Segment 256	score: 0.8843
/Users/maz/.codex/worktrees/da40/whisperASR/.build/benchmarks/high-quality/integrated-validation-106-translation-only-4b/metrics/md62mmdz0m/translategemma-4b-it-4bit.en.txt	Segment 256	score: 0.9307
/Users/maz/.codex/worktrees/da40/whisperASR/.build/benchmarks/high-quality/integrated-validation-106-translation-only-4b/metrics/md62mmdz0m/e22-standard.en.txt	Segment 257	score: 0.7227
/Users/maz/.codex/worktrees/da40/whisperASR/.build/benchmarks/high-quality/integrated-validation-106-translation-only-4b/metrics/md62mmdz0m/translategemma-4b-it-4bit.en.txt	Segment 257	score: 0.6445
/Users/maz/.codex/worktrees/da40/whisperASR/.build/benchmarks/high-quality/integrated-validation-106-translation-only-4b/metrics/md62mmdz0m/e22-standard.en.txt	Segment 258	score: 0.6714
/Users/maz/.codex/worktrees/da40/whisperASR/.build/benchmarks/high-quality/integrated-validation-106-translation-only-4b/metrics/md62mmdz0m/translategemma-4b-it-4bit.en.txt	Segment 258	score: 0.6045
/Users/maz/.codex/worktrees/da40/whisperASR/.build/benchmarks/high-quality/integrated-validation-106-translation-only-4b/metrics/md62mmdz0m/e22-standard.en.txt	Segment 259	score: 0.4810
/Users/maz/.codex/worktrees/da40/whisperASR/.build/benchmarks/high-quality/integrated-validation-106-translation-only-4b/metrics/md62mmdz0m/translategemma-4b-it-4bit.en.txt	Segment 259	score: 0.4885
/Users/maz/.codex/worktrees/da40/whisperASR/.build/benchmarks/high-quality/integrated-validation-106-translation-only-4b/metrics/md62mmdz0m/e22-standard.en.txt	Segment 260	score: 0.6807
/Users/maz/.codex/worktrees/da40/whisperASR/.build/benchmarks/high-quality/integrated-validation-106-translation-only-4b/metrics/md62mmdz0m/translategemma-4b-it-4bit.en.txt	Segment 260	score: 0.5122
/Users/maz/.codex/worktrees/da40/whisperASR/.build/benchmarks/high-quality/integrated-validation-106-translation-only-4b/metrics/md62mmdz0m/e22-standard.en.txt	Segment 261	score: 0.4497
/Users/maz/.codex/worktrees/da40/whisperASR/.build/benchmarks/high-quality/integrated-validation-106-translation-only-4b/metrics/md62mmdz0m/translategemma-4b-it-4bit.en.txt	Segment 261	score: 0.4670
/Users/maz/.codex/worktrees/da40/whisperASR/.build/benchmarks/high-quality/integrated-validation-106-translation-only-4b/metrics/md62mmdz0m/e22-standard.en.txt	Segment 262	score: 0.6533
/Users/maz/.codex/worktrees/da40/whisperASR/.build/benchmarks/high-quality/integrated-validation-106-translation-only-4b/metrics/md62mmdz0m/translategemma-4b-it-4bit.en.txt	Segment 262	score: 0.5312
/Users/maz/.codex/worktrees/da40/whisperASR/.build/benchmarks/high-quality/integrated-validation-106-translation-only-4b/metrics/md62mmdz0m/e22-standard.en.txt	Segment 263	score: 0.6401
/Users/maz/.codex/worktrees/da40/whisperASR/.build/benchmarks/high-quality/integrated-validation-106-translation-only-4b/metrics/md62mmdz0m/translategemma-4b-it-4bit.en.txt	Segment 263	score: 0.5195
/Users/maz/.codex/worktrees/da40/whisperASR/.build/benchmarks/high-quality/integrated-validation-106-translation-only-4b/metrics/md62mmdz0m/e22-standard.en.txt	Segment 264	score: 0.4958
/Users/maz/.codex/worktrees/da40/whisperASR/.build/benchmarks/high-quality/integrated-validation-106-translation-only-4b/metrics/md62mmdz0m/translategemma-4b-it-4bit.en.txt	Segment 264	score: 0.4534
/Users/maz/.codex/worktrees/da40/whisperASR/.build/benchmarks/high-quality/integrated-validation-106-translation-only-4b/metrics/md62mmdz0m/e22-standard.en.txt	Segment 265	score: 0.6006
/Users/maz/.codex/worktrees/da40/whisperASR/.build/benchmarks/high-quality/integrated-validation-106-translation-only-4b/metrics/md62mmdz0m/translategemma-4b-it-4bit.en.txt	Segment 265	score: 0.5947
/Users/maz/.codex/worktrees/da40/whisperASR/.build/benchmarks/high-quality/integrated-validation-106-translation-only-4b/metrics/md62mmdz0m/e22-standard.en.txt	Segment 266	score: 0.7822
/Users/maz/.codex/worktrees/da40/whisperASR/.build/benchmarks/high-quality/integrated-validation-106-translation-only-4b/metrics/md62mmdz0m/translategemma-4b-it-4bit.en.txt	Segment 266	score: 0.6123
/Users/maz/.codex/worktrees/da40/whisperASR/.build/benchmarks/high-quality/integrated-validation-106-translation-only-4b/metrics/md62mmdz0m/e22-standard.en.txt	Segment 267	score: 0.6543
/Users/maz/.codex/worktrees/da40/whisperASR/.build/benchmarks/high-quality/integrated-validation-106-translation-only-4b/metrics/md62mmdz0m/translategemma-4b-it-4bit.en.txt	Segment 267	score: 0.6011
/Users/maz/.codex/worktrees/da40/whisperASR/.build/benchmarks/high-quality/integrated-validation-106-translation-only-4b/metrics/md62mmdz0m/e22-standard.en.txt	Segment 268	score: 0.6357
/Users/maz/.codex/worktrees/da40/whisperASR/.build/benchmarks/high-quality/integrated-validation-106-translation-only-4b/metrics/md62mmdz0m/translategemma-4b-it-4bit.en.txt	Segment 268	score: 0.6572
/Users/maz/.codex/worktrees/da40/whisperASR/.build/benchmarks/high-quality/integrated-validation-106-translation-only-4b/metrics/md62mmdz0m/e22-standard.en.txt	Segment 269	score: 0.6436
/Users/maz/.codex/worktrees/da40/whisperASR/.build/benchmarks/high-quality/integrated-validation-106-translation-only-4b/metrics/md62mmdz0m/translategemma-4b-it-4bit.en.txt	Segment 269	score: 0.6201
/Users/maz/.codex/worktrees/da40/whisperASR/.build/benchmarks/high-quality/integrated-validation-106-translation-only-4b/metrics/md62mmdz0m/e22-standard.en.txt	Segment 270	score: 0.5566
/Users/maz/.codex/worktrees/da40/whisperASR/.build/benchmarks/high-quality/integrated-validation-106-translation-only-4b/metrics/md62mmdz0m/translategemma-4b-it-4bit.en.txt	Segment 270	score: 0.5469
/Users/maz/.codex/worktrees/da40/whisperASR/.build/benchmarks/high-quality/integrated-validation-106-translation-only-4b/metrics/md62mmdz0m/e22-standard.en.txt	score: 0.6038
/Users/maz/.codex/worktrees/da40/whisperASR/.build/benchmarks/high-quality/integrated-validation-106-translation-only-4b/metrics/md62mmdz0m/translategemma-4b-it-4bit.en.txt	score: 0.5823
Predictions saved in: /Users/maz/.codex/worktrees/da40/whisperASR/.build/benchmarks/high-quality/integrated-validation-106-translation-only-4b/metrics/md62mmdz0m/comet-score.json.
